<?xml version="1.0" encoding="UTF-8"?>
<kml xmlns="http://www.opengis.net/kml/2.2"><Document>
<name>Stockholm MC-parkering + Taxezoner</name><Style id='mc'><LineStyle><color>ff00b0f0</color><width>3</width></LineStyle><PolyStyle><color>3300b0f0</color></PolyStyle></Style><Style id='z1'><LineStyle><color>ffd7191c</color><width>2</width></LineStyle><PolyStyle><color>33d7191c</color></PolyStyle></Style><Style id='z2'><LineStyle><color>ffff8c00</color><width>2</width></LineStyle><PolyStyle><color>33ff8c00</color></PolyStyle></Style><Style id='z3'><LineStyle><color>ff1ca319</color><width>2</width></LineStyle><PolyStyle><color>331ca319</color></PolyStyle></Style><Style id='z4'><LineStyle><color>ff1c9bd7</color><width>2</width></LineStyle><PolyStyle><color>331c9bd7</color></PolyStyle></Style><Style id='z5'><LineStyle><color>ff7b1fa2</color><width>2</width></LineStyle><PolyStyle><color>337b1fa2</color></PolyStyle></Style>
<Folder><name>Motorcykelparkering (554)</name><Placemark><name>Wennerbergsgatan</name><description>Kungsholmen · Marieberg<br/>Säsongsbegränsad: 6/15–8/15</description><styleUrl>#mc</styleUrl><LineString><tessellate>1</tessellate><coordinates>150750.051,6579191.533,0 150753.702,6579191.335,0 150753.742,6579193.279,0 150750.051,6579193.518,0 150750.011,6579191.652,0</coordinates></LineString></Placemark><Placemark><name>Wennerbergsgatan</name><description>Kungsholmen · Marieberg<br/>Säsongsbegränsad: 8/15–6/15</description><styleUrl>#mc</styleUrl><LineString><tessellate>1</tessellate><coordinates>150750.051,6579191.533,0 150753.702,6579191.335,0 150753.742,6579193.279,0 150750.051,6579193.518,0 150750.011,6579191.652,0</coordinates></LineString></Placemark><Placemark><name>Scheffersgatan</name><description>Kungsholmen · Marieberg<br/>Säsongsbegränsad: 5/15–10/15</description><styleUrl>#mc</styleUrl><LineString><tessellate>1</tessellate><coordinates>150662.74,6579122.03,0 150657.73,6579122.38,0</coordinates></LineString></Placemark><Placemark><name>Scheffersgatan</name><description>Kungsholmen · Marieberg<br/>Säsongsbegränsad: 5/15–10/15</description><styleUrl>#mc</styleUrl><LineString><tessellate>1</tessellate><coordinates>150662.74,6579122.03,0 150657.73,6579122.38,0</coordinates></LineString></Placemark><Placemark><name>Scheffersgatan</name><description>Kungsholmen · Marieberg<br/>Säsongsbegränsad: 11/15–4/15</description><styleUrl>#mc</styleUrl><LineString><tessellate>1</tessellate><coordinates>150662.74,6579122.03,0 150657.73,6579122.38,0</coordinates></LineString></Placemark><Placemark><name>Stagneliusvägen</name><description>Kungsholmen · Fredhäll<br/>Säsongsbegränsad: 5/15–10/15</description><styleUrl>#mc</styleUrl><LineString><tessellate>1</tessellate><coordinates>150411.51,6579260.78,0 150407.38,6579262.68,0</coordinates></LineString></Placemark><Placemark><name>Stagneliusvägen</name><description>Kungsholmen · Fredhäll<br/>Säsongsbegränsad: 5/15–10/15</description><styleUrl>#mc</styleUrl><LineString><tessellate>1</tessellate><coordinates>150411.51,6579260.78,0 150407.38,6579262.68,0</coordinates></LineString></Placemark><Placemark><name>Stagneliusvägen</name><description>Kungsholmen · Fredhäll<br/>Säsongsbegränsad: 11/15–4/15</description><styleUrl>#mc</styleUrl><LineString><tessellate>1</tessellate><coordinates>150411.51,6579260.78,0 150407.38,6579262.68,0</coordinates></LineString></Placemark><Placemark><name>Lidnersgatan</name><description>Kungsholmen · Kristineberg<br/>Säsongsbegränsad: 5/15–10/15</description><styleUrl>#mc</styleUrl><LineString><tessellate>1</tessellate><coordinates>150070.53,6580002.64,0 150064.94,6580004.17,0</coordinates></LineString></Placemark><Placemark><name>Lidnersgatan</name><description>Kungsholmen · Kristineberg<br/>Säsongsbegränsad: 5/15–10/15</description><styleUrl>#mc</styleUrl><LineString><tessellate>1</tessellate><coordinates>150070.53,6580002.64,0 150064.94,6580004.17,0</coordinates></LineString></Placemark><Placemark><name>Lidnersgatan</name><description>Kungsholmen · Kristineberg<br/>Säsongsbegränsad: 11/15–4/15</description><styleUrl>#mc</styleUrl><LineString><tessellate>1</tessellate><coordinates>150070.53,6580002.64,0 150064.94,6580004.17,0</coordinates></LineString></Placemark><Placemark><name>Atlasgatan</name><description>Vasastan · Vasastaden</description><styleUrl>#mc</styleUrl><LineString><tessellate>1</tessellate><coordinates>152098.63,6580388.86,0 152089.44,6580392.07,0</coordinates></LineString></Placemark><Placemark><name>Bergsgatan</name><description>Kungsholmen · Kungsholmen</description><styleUrl>#mc</styleUrl><LineString><tessellate>1</tessellate><coordinates>152413.94,6579443.48,0 152403.96,6579446.08,0</coordinates></LineString></Placemark><Placemark><name>Ploggatan</name><description>Södermalm · Södermalm</description><styleUrl>#mc</styleUrl><LineString><tessellate>1</tessellate><coordinates>155285.09,6577689.7,0 155282.44,6577680.11,0</coordinates></LineString></Placemark><Placemark><name>Lindhagensgatan</name><description>Kungsholmen · Kristineberg</description><styleUrl>#mc</styleUrl><LineString><tessellate>1</tessellate><coordinates>150771.49,6579968.92,0 150757.15,6579982.94,0</coordinates></LineString></Placemark><Placemark><name>Ringvägen</name><description>Södermalm · Södermalm</description><styleUrl>#mc</styleUrl><LineString><tessellate>1</tessellate><coordinates>153795.33,6577012.13,0 153799.26,6577010.53,0</coordinates></LineString></Placemark><Placemark><name>Banérgatan</name><description>Östermalm · Ladugårdsgärdet</description><styleUrl>#mc</styleUrl><LineString><tessellate>1</tessellate><coordinates>155533.05,6580709.86,0 155531.09,6580711.34,0</coordinates></LineString></Placemark><Placemark><name>Banérgatan</name><description>Östermalm · Ladugårdsgärdet</description><styleUrl>#mc</styleUrl><LineString><tessellate>1</tessellate><coordinates>155531.09,6580711.34,0 155530.38,6580711.87,0 155529.01,6580712.91,0</coordinates></LineString></Placemark><Placemark><name>&lt;Adress saknas&gt;</name><description>Östermalm · Ladugårdsgärdet</description><styleUrl>#mc</styleUrl><LineString><tessellate>1</tessellate><coordinates>155533.05,6580709.86,0 155531.09,6580711.34,0</coordinates></LineString></Placemark><Placemark><name>&lt;Adress saknas&gt;</name><description>Östermalm · Ladugårdsgärdet</description><styleUrl>#mc</styleUrl><LineString><tessellate>1</tessellate><coordinates>155531.09,6580711.34,0 155530.38,6580711.87,0 155529.01,6580712.91,0</coordinates></LineString></Placemark><Placemark><name>Bondegatan</name><description>Södermalm · Södermalm</description><styleUrl>#mc</styleUrl><LineString><tessellate>1</tessellate><coordinates>154372.63,6577490.5,0 154377.22,6577491.66,0</coordinates></LineString></Placemark><Placemark><name>Dalagatan</name><description>Vasastan · Vasastaden</description><styleUrl>#mc</styleUrl><LineString><tessellate>1</tessellate><coordinates>152799.79,6580344.86,0 152797.2,6580350,0</coordinates></LineString></Placemark><Placemark><name>Eastmansvägen</name><description>Vasastan · Vasastaden</description><styleUrl>#mc</styleUrl><LineString><tessellate>1</tessellate><coordinates>152663.664,6580553.089,0 152668.744,6580555.748,0</coordinates></LineString></Placemark><Placemark><name>Erik Dahlbergsgatan</name><description>Östermalm · Ladugårdsgärdet</description><styleUrl>#mc</styleUrl><LineString><tessellate>1</tessellate><coordinates>155301.83,6581218.74,0 155301.9,6581214.43,0</coordinates></LineString></Placemark><Placemark><name>Floragatan</name><description>Östermalm · Östermalm</description><styleUrl>#mc</styleUrl><LineString><tessellate>1</tessellate><coordinates>154359.35,6580954.18,0 154361.28,6580958.93,0</coordinates></LineString></Placemark><Placemark><name>Inedalsgatan</name><description>Kungsholmen · Kungsholmen</description><styleUrl>#mc</styleUrl><LineString><tessellate>1</tessellate><coordinates>152056.466,6580029.622,0 152055.276,6580024.542,0</coordinates></LineString></Placemark><Placemark><name>Lindhagensgatan</name><description>Kungsholmen · Kristineberg</description><styleUrl>#mc</styleUrl><LineString><tessellate>1</tessellate><coordinates>150270.29,6580466.65,0 150266.33,6580470.46,0</coordinates></LineString></Placemark><Placemark><name>Ludvigsbergsgatan</name><description>Södermalm · Södermalm</description><styleUrl>#mc</styleUrl><LineString><tessellate>1</tessellate><coordinates>153196.18,6578261.75,0 153194.95,6578266.04,0 153194.82,6578266.42,0 153194.76,6578266.59,0</coordinates></LineString></Placemark><Placemark><name>Lundagatan</name><description>Södermalm · Södermalm</description><styleUrl>#mc</styleUrl><LineString><tessellate>1</tessellate><coordinates>152784.03,6578164.09,0 152778.72,6578162.71,0</coordinates></LineString></Placemark><Placemark><name>Malmgårdsvägen</name><description>Södermalm · Södermalm</description><styleUrl>#mc</styleUrl><LineString><tessellate>1</tessellate><coordinates>154933.84,6577300.86,0 154937.81,6577297.57,0</coordinates></LineString></Placemark><Placemark><name>Norrtullsgatan</name><description>Vasastan · Vasastaden</description><styleUrl>#mc</styleUrl><LineString><tessellate>1</tessellate><coordinates>152655.51,6581343.04,0 152652.88,6581348.28,0</coordinates></LineString></Placemark><Placemark><name>Oxenstiernsgatan</name><description>Östermalm · Östermalm</description><styleUrl>#mc</styleUrl><LineString><tessellate>1</tessellate><coordinates>155796.26,6580199.1,0 155797.93,6580203.12,0</coordinates></LineString></Placemark><Placemark><name>Rökubbsgatan</name><description>Östermalm · Ladugårdsgärdet</description><styleUrl>#mc</styleUrl><LineString><tessellate>1</tessellate><coordinates>156312.78,6581158.41,0 156316.95,6581161.3,0</coordinates></LineString></Placemark><Placemark><name>Tullgårdsgatan</name><description>Södermalm · Södermalm</description><styleUrl>#mc</styleUrl><LineString><tessellate>1</tessellate><coordinates>154990.83,6576788.94,0 154995.04,6576790.86,0</coordinates></LineString></Placemark><Placemark><name>Bondegatan</name><description>Södermalm · Södermalm</description><styleUrl>#mc</styleUrl><LineString><tessellate>1</tessellate><coordinates>154619.7,6577551.73,0 154626.76,6577553.53,0</coordinates></LineString></Placemark><Placemark><name>Fridhemsgatan</name><description>Kungsholmen · Kungsholmen</description><styleUrl>#mc</styleUrl><LineString><tessellate>1</tessellate><coordinates>151680.2,6579770.63,0 151684.12,6579778.67,0</coordinates></LineString></Placemark><Placemark><name>Holländargatan</name><description>Vasastan · Vasastaden</description><styleUrl>#mc</styleUrl><LineString><tessellate>1</tessellate><coordinates>153260.706,6580513.209,0 153256.062,6580522.139,0</coordinates></LineString></Placemark><Placemark><name>Ulriksborgsgatan</name><description>Kungsholmen · Stadshagen</description><styleUrl>#mc</styleUrl><LineString><tessellate>1</tessellate><coordinates>150950.66,6579882.517,0 150957.883,6579889.621,0</coordinates></LineString></Placemark><Placemark><name>Valhallavägen</name><description>Östermalm · Ladugårdsgärdet</description><styleUrl>#mc</styleUrl><LineString><tessellate>1</tessellate><coordinates>155458.72,6580521.9,0 155454.13,6580523.85,0</coordinates></LineString></Placemark><Placemark><name>Västmannagatan</name><description>Vasastan · Vasastaden</description><styleUrl>#mc</styleUrl><LineString><tessellate>1</tessellate><coordinates>152739.06,6580694.39,0 152734.56,6580703.33,0</coordinates></LineString></Placemark><Placemark><name>Dalagatan</name><description>City · Norrmalm<br/>Säsongsbegränsad: 4/15–9/15</description><styleUrl>#mc</styleUrl><LineString><tessellate>1</tessellate><coordinates>152882.65,6580181.26,0 152880.16,6580186.13,0</coordinates></LineString></Placemark><Placemark><name>Folkungagatan</name><description>Södermalm · Södermalm<br/>Säsongsbegränsad: 4/15–9/15</description><styleUrl>#mc</styleUrl><LineString><tessellate>1</tessellate><coordinates>155261.03,6577819.77,0 155265.64,6577818.82,0</coordinates></LineString></Placemark><Placemark><name>Folkungagatan</name><description>Södermalm · Södermalm<br/>Säsongsbegränsad: 4/15–9/15</description><styleUrl>#mc</styleUrl><LineString><tessellate>1</tessellate><coordinates>154487.61,6577740.989,0 154492.531,6577742.219,0</coordinates></LineString></Placemark><Placemark><name>Hornsgatan</name><description>Södermalm · Södermalm<br/>Säsongsbegränsad: 4/15–9/15</description><styleUrl>#mc</styleUrl><LineString><tessellate>1</tessellate><coordinates>153018.86,6578052.1,0 153014.26,6578050.96,0</coordinates></LineString></Placemark><Placemark><name>Kungsholmstorg</name><description>Kungsholmen · Kungsholmen<br/>Säsongsbegränsad: 4/15–9/15</description><styleUrl>#mc</styleUrl><LineString><tessellate>1</tessellate><coordinates>152444.25,6579299.29,0 152440.72,6579293.01,0 152439.93,6579290.81,0</coordinates></LineString></Placemark><Placemark><name>Banérgatan</name><description>Östermalm · Östermalm</description><styleUrl>#mc</styleUrl><LineString><tessellate>1</tessellate><coordinates>155215.771,6579790.916,0 155213.787,6579785.915,0</coordinates></LineString></Placemark><Placemark><name>Jungfrugatan</name><description>Östermalm · Östermalm</description><styleUrl>#mc</styleUrl><LineString><tessellate>1</tessellate><coordinates>154637.1,6580147.35,0 154638.94,6580151.84,0</coordinates></LineString></Placemark><Placemark><name>Kaptensgatan</name><description>Östermalm · Östermalm</description><styleUrl>#mc</styleUrl><LineString><tessellate>1</tessellate><coordinates>154609.92,6579751.55,0 154614.38,6579750.26,0</coordinates></LineString></Placemark><Placemark><name>Runebergsgatan</name><description>Östermalm · Östermalm</description><styleUrl>#mc</styleUrl><LineString><tessellate>1</tessellate><coordinates>153748.29,6580657.88,0 153751.91,6580657.68,0 153752.52,6580657.61,0 153757.96,6580656.53,0</coordinates></LineString></Placemark><Placemark><name>Skeppargatan</name><description>Östermalm · Östermalm</description><styleUrl>#mc</styleUrl><LineString><tessellate>1</tessellate><coordinates>154730.3,6579912.07,0 154732.49,6579917.5,0</coordinates></LineString></Placemark><Placemark><name>Storgatan</name><description>Östermalm · Östermalm</description><styleUrl>#mc</styleUrl><LineString><tessellate>1</tessellate><coordinates>155076.55,6579868.07,0 155081.28,6579866.13,0</coordinates></LineString></Placemark><Placemark><name>Lindhagensgatan</name><description>Kungsholmen · Stadshagen</description><styleUrl>#mc</styleUrl><LineString><tessellate>1</tessellate><coordinates>150400.78,6580362.73,0 150394.25,6580369.49,0</coordinates></LineString></Placemark><Placemark><name>Lindhagensgatan</name><description>Kungsholmen · Kristineberg</description><styleUrl>#mc</styleUrl><LineString><tessellate>1</tessellate><coordinates>151077.36,6579664.05,0 151070.35,6579671.11,0</coordinates></LineString></Placemark><Placemark><name>Dag Hammarskjölds Väg</name><description>Östermalm · Östermalm</description><styleUrl>#mc</styleUrl><LineString><tessellate>1</tessellate><coordinates>155813.82,6579779.92,0 155823.09,6579784.25,0</coordinates></LineString></Placemark><Placemark><name>Maria Prästgårdsgata</name><description>Södermalm · Södermalm</description><styleUrl>#mc</styleUrl><LineString><tessellate>1</tessellate><coordinates>153274.97,6577765.95,0 153267.05,6577764,0 153265.54,6577763.61,0</coordinates></LineString></Placemark><Placemark><name>Norrtullsgatan</name><description>Vasastan · Vasastaden</description><styleUrl>#mc</styleUrl><LineString><tessellate>1</tessellate><coordinates>152968.89,6580747.11,0 152964.28,6580756.22,0</coordinates></LineString></Placemark><Placemark><name>Karlbergsvägen</name><description>Vasastan · Vasastaden</description><styleUrl>#mc</styleUrl><LineString><tessellate>1</tessellate><coordinates>151619.91,6580874.73,0 151609.17,6580880.71,0</coordinates></LineString></Placemark><Placemark><name>Alströmergatan</name><description>Kungsholmen · Kungsholmen</description><styleUrl>#mc</styleUrl><LineString><tessellate>1</tessellate><coordinates>151773.87,6580076.43,0 151769,6580077.96,0</coordinates></LineString></Placemark><Placemark><name>Drottningholmsvägen</name><description>Kungsholmen · Kungsholmen</description><styleUrl>#mc</styleUrl><LineString><tessellate>1</tessellate><coordinates>151865.57,6579660.47,0 151860.51,6579660.15,0</coordinates></LineString></Placemark><Placemark><name>Döbelnsgatan</name><description>Vasastan · Vasastaden</description><styleUrl>#mc</styleUrl><LineString><tessellate>1</tessellate><coordinates>153263.87,6581099.89,0 153261.43,6581104.61,0</coordinates></LineString></Placemark><Placemark><name>Frejgatan</name><description>Vasastan · Vasastaden</description><styleUrl>#mc</styleUrl><LineString><tessellate>1</tessellate><coordinates>152685.45,6581076.09,0 152680.68,6581073.7,0</coordinates></LineString></Placemark><Placemark><name>Furusundsgatan</name><description>Östermalm · Ladugårdsgärdet</description><styleUrl>#mc</styleUrl><LineString><tessellate>1</tessellate><coordinates>155603.34,6581295.09,0 155607.15,6581292.28,0</coordinates></LineString></Placemark><Placemark><name>Gyllenstiernsgatan</name><description>Östermalm · Östermalm</description><styleUrl>#mc</styleUrl><LineString><tessellate>1</tessellate><coordinates>155723.06,6580244.53,0 155725.2,6580249.65,0</coordinates></LineString></Placemark><Placemark><name>Kungsholms Strand</name><description>Kungsholmen · Kungsholmen</description><styleUrl>#mc</styleUrl><LineString><tessellate>1</tessellate><coordinates>151455.11,6580356.34,0 151450.69,6580358.04,0</coordinates></LineString></Placemark><Placemark><name>Lagerlöfsgatan</name><description>Kungsholmen · Marieberg</description><styleUrl>#mc</styleUrl><LineString><tessellate>1</tessellate><coordinates>151084.52,6579366.88,0 151080.45,6579369.51,0</coordinates></LineString></Placemark><Placemark><name>Pär Lagerkvists Gata</name><description>Kungsholmen · Stadshagen</description><styleUrl>#mc</styleUrl><LineString><tessellate>1</tessellate><coordinates>150476.49,6580371.97,0 150479.87,6580368.71,0</coordinates></LineString></Placemark><Placemark><name>Rehnsgatan</name><description>Vasastan · Vasastaden</description><styleUrl>#mc</styleUrl><LineString><tessellate>1</tessellate><coordinates>153506.65,6580924.54,0 153501.25,6580921.87,0</coordinates></LineString></Placemark><Placemark><name>Sandhamnsgatan</name><description>Östermalm · Ladugårdsgärdet</description><styleUrl>#mc</styleUrl><LineString><tessellate>1</tessellate><coordinates>156329.04,6580667.01,0 156330.23,6580662.13,0</coordinates></LineString></Placemark><Placemark><name>Skinnarviksringen</name><description>Södermalm · Södermalm</description><styleUrl>#mc</styleUrl><LineString><tessellate>1</tessellate><coordinates>152488.82,6578142.06,0 152489.64,6578137.41,0</coordinates></LineString></Placemark><Placemark><name>Stigbergsgatan</name><description>Södermalm · Södermalm</description><styleUrl>#mc</styleUrl><LineString><tessellate>1</tessellate><coordinates>154883.13,6577962.73,0 154888.26,6577962.11,0</coordinates></LineString></Placemark><Placemark><name>Torkel Knutssonsgatan</name><description>Södermalm · Södermalm</description><styleUrl>#mc</styleUrl><LineString><tessellate>1</tessellate><coordinates>153215.94,6578391.96,0 153215.82,6578386.95,0</coordinates></LineString></Placemark><Placemark><name>Åsögatan</name><description>Södermalm · Södermalm</description><styleUrl>#mc</styleUrl><LineString><tessellate>1</tessellate><coordinates>154549.69,6577610.66,0 154553.85,6577611.72,0</coordinates></LineString></Placemark><Placemark><name>Östermalmsgatan</name><description>Östermalm · Östermalm</description><styleUrl>#mc</styleUrl><LineString><tessellate>1</tessellate><coordinates>154118.25,6580882.67,0 154122.91,6580880.77,0</coordinates></LineString></Placemark><Placemark><name>Bjurholmsplan</name><description>Södermalm · Södermalm</description><styleUrl>#mc</styleUrl><LineString><tessellate>1</tessellate><coordinates>154566.99,6577112.32,0 154568.06,6577108.03,0 154568.21,6577107.58,0 154569.12,6577105.28,0</coordinates></LineString></Placemark><Placemark><name>Mäster Samuelsgatan</name><description>City · Norrmalm<br/>Säsongsbegränsad: 4/15–9/15</description><styleUrl>#mc</styleUrl><LineString><tessellate>1</tessellate><coordinates>153578.82,6579775.72,0 153574.44,6579773.14,0</coordinates></LineString></Placemark><Placemark><name>Mäster Samuelsgatan</name><description>City · Norrmalm<br/>Säsongsbegränsad: 4/15–9/15</description><styleUrl>#mc</styleUrl><LineString><tessellate>1</tessellate><coordinates>153379.42,6579655.15,0 153374.67,6579652.73,0</coordinates></LineString></Placemark><Placemark><name>Norrlandsgatan</name><description>City · Norrmalm<br/>Säsongsbegränsad: 4/15–9/15</description><styleUrl>#mc</styleUrl><LineString><tessellate>1</tessellate><coordinates>154072.55,6579795.05,0 154071.93,6579800.05,0</coordinates></LineString></Placemark><Placemark><name>Barnhusgatan</name><description>City · Norrmalm<br/>Säsongsbegränsad: 4/15–9/15</description><styleUrl>#mc</styleUrl><LineString><tessellate>1</tessellate><coordinates>153083.811,6580052.41,0 153079.247,6580050.187,0</coordinates></LineString></Placemark><Placemark><name>Barnhusgatan</name><description>City · Norrmalm<br/>Säsongsbegränsad: 4/15–9/15</description><styleUrl>#mc</styleUrl><LineString><tessellate>1</tessellate><coordinates>153150.22,6580076.096,0 153154.665,6580078.279,0</coordinates></LineString></Placemark><Placemark><name>Hantverkargatan</name><description>Kungsholmen · Kungsholmen<br/>Säsongsbegränsad: 4/15–9/15</description><styleUrl>#mc</styleUrl><LineString><tessellate>1</tessellate><coordinates>152729.964,6579255.277,0 152725.161,6579256.468,0</coordinates></LineString></Placemark><Placemark><name>Hantverkargatan</name><description>Kungsholmen · Kungsholmen<br/>Säsongsbegränsad: 4/15–9/15</description><styleUrl>#mc</styleUrl><LineString><tessellate>1</tessellate><coordinates>152577.622,6579283.033,0 152582.543,6579281.723,0</coordinates></LineString></Placemark><Placemark><name>Kammakargatan</name><description>City · Norrmalm<br/>Säsongsbegränsad: 4/15–9/15</description><styleUrl>#mc</styleUrl><LineString><tessellate>1</tessellate><coordinates>152913.44,6580127.07,0 152908.81,6580124.67,0</coordinates></LineString></Placemark><Placemark><name>Linnégatan</name><description>Östermalm · Östermalm<br/>Säsongsbegränsad: 4/15–9/15</description><styleUrl>#mc</styleUrl><LineString><tessellate>1</tessellate><coordinates>154434.71,6580285.45,0 154439.61,6580283.48,0</coordinates></LineString></Placemark><Placemark><name>Malmskillnadsgatan</name><description>City · Norrmalm<br/>Säsongsbegränsad: 4/15–9/15</description><styleUrl>#mc</styleUrl><LineString><tessellate>1</tessellate><coordinates>153675.56,6580276.41,0 153675.21,6580277.87,0 153675.14,6580278.18,0 153674.79,6580280.02,0 153674.56,6580281.26,0</coordinates></LineString></Placemark><Placemark><name>Riddargatan</name><description>Östermalm · Östermalm<br/>Säsongsbegränsad: 4/15–9/15</description><styleUrl>#mc</styleUrl><LineString><tessellate>1</tessellate><coordinates>154353.84,6579938.78,0 154358.02,6579937.17,0</coordinates></LineString></Placemark><Placemark><name>Riddargatan</name><description>Östermalm · Östermalm<br/>Säsongsbegränsad: 4/15–9/15</description><styleUrl>#mc</styleUrl><LineString><tessellate>1</tessellate><coordinates>154489.86,6579877.73,0 154494.21,6579876,0</coordinates></LineString></Placemark><Placemark><name>Malmskillnadsgatan</name><description>City · Norrmalm</description><styleUrl>#mc</styleUrl><LineString><tessellate>1</tessellate><coordinates>153750.684,6579960.481,0 153750.604,6579959.29,0 153750.326,6579958.219,0 153749.612,6579956.552,0 153749.652,6579956.671,0</coordinates></LineString></Placemark><Placemark><name>Näckströmsgatan</name><description>City · Norrmalm</description><styleUrl>#mc</styleUrl><LineString><tessellate>1</tessellate><coordinates>154120.33,6579676.96,0 154143.34,6579682.54,0</coordinates></LineString></Placemark><Placemark><name>Döbelnsgatan</name><description>City · Norrmalm</description><styleUrl>#mc</styleUrl><LineString><tessellate>1</tessellate><coordinates>153615.66,6580375.88,0 153614.1,6580380.28,0</coordinates></LineString></Placemark><Placemark><name>Kammakargatan</name><description>City · Norrmalm</description><styleUrl>#mc</styleUrl><LineString><tessellate>1</tessellate><coordinates>153217.35,6580289.92,0 153212.95,6580287.67,0</coordinates></LineString></Placemark><Placemark><name>Karlbergsvägen</name><description>Vasastan · Vasastaden</description><styleUrl>#mc</styleUrl><LineString><tessellate>1</tessellate><coordinates>152404.44,6580859.46,0 152399.41,6580859.06,0</coordinates></LineString></Placemark><Placemark><name>Hantverkargatan</name><description>Kungsholmen · Kungsholmen</description><styleUrl>#mc</styleUrl><LineString><tessellate>1</tessellate><coordinates>152859.16,6579220.91,0 152854.33,6579222.12,0</coordinates></LineString></Placemark><Placemark><name>Karlbergsvägen</name><description>Vasastan · Vasastaden</description><styleUrl>#mc</styleUrl><LineString><tessellate>1</tessellate><coordinates>152270.011,6580823.858,0 152275.289,6580824.295,0 152282.87,6580824.811,0</coordinates></LineString></Placemark><Placemark><name>Norr Mälarstrand</name><description>Kungsholmen · Kungsholmen</description><styleUrl>#mc</styleUrl><LineString><tessellate>1</tessellate><coordinates>152689.36,6579079.5,0 152684.16,6579079.22,0</coordinates></LineString></Placemark><Placemark><name>Riddargatan</name><description>Östermalm · Östermalm</description><styleUrl>#mc</styleUrl><LineString><tessellate>1</tessellate><coordinates>155154.26,6579720.62,0 155160.23,6579720.86,0</coordinates></LineString></Placemark><Placemark><name>Riddargatan</name><description>Östermalm · Östermalm</description><styleUrl>#mc</styleUrl><LineString><tessellate>1</tessellate><coordinates>154489.86,6579877.73,0 154494.21,6579876,0</coordinates></LineString></Placemark><Placemark><name>Kungsholms Kyrkoplan</name><description>Kungsholmen · Kungsholmen</description><styleUrl>#mc</styleUrl><LineString><tessellate>1</tessellate><coordinates>152800.04,6579407.759,0 152803.302,6579407.301,0</coordinates></LineString></Placemark><Placemark><name>Hammarby Allé</name><description>Södermalm · Södra Hammarbyhamnen</description><styleUrl>#mc</styleUrl><LineString><tessellate>1</tessellate><coordinates>155808.01,6576378.58,0 155798.91,6576384.49,0</coordinates></LineString></Placemark><Placemark><name>Maria Prästgårdsgata</name><description>Södermalm · Södermalm</description><styleUrl>#mc</styleUrl><LineString><tessellate>1</tessellate><coordinates>153515.93,6577868.05,0 153504.82,6577865.28,0</coordinates></LineString></Placemark><Placemark><name>Torkel Knutssonsgatan</name><description>Södermalm · Södermalm</description><styleUrl>#mc</styleUrl><LineString><tessellate>1</tessellate><coordinates>153271.22,6578022.68,0 153273.68,6578012.91,0</coordinates></LineString></Placemark><Placemark><name>Åsögatan</name><description>Södermalm · Södermalm</description><styleUrl>#mc</styleUrl><LineString><tessellate>1</tessellate><coordinates>155154.25,6577711.71,0 155163.84,6577710.89,0</coordinates></LineString></Placemark><Placemark><name>Ölandsgatan</name><description>Södermalm · Södermalm</description><styleUrl>#mc</styleUrl><LineString><tessellate>1</tessellate><coordinates>154356.54,6577047.42,0 154365.73,6577049.85,0</coordinates></LineString></Placemark><Placemark><name>Polhemsgatan</name><description>Kungsholmen · Kungsholmen</description><styleUrl>#mc</styleUrl><LineString><tessellate>1</tessellate><coordinates>152198.825,6579952.779,0 152197.595,6579947.937,0</coordinates></LineString></Placemark><Placemark><name>Sandhamnsgatan</name><description>Östermalm · Ladugårdsgärdet</description><styleUrl>#mc</styleUrl><LineString><tessellate>1</tessellate><coordinates>156280.37,6581000.54,0 156281.53,6580995.6,0</coordinates></LineString></Placemark><Placemark><name>Sibyllegatan</name><description>Östermalm · Östermalm</description><styleUrl>#mc</styleUrl><LineString><tessellate>1</tessellate><coordinates>154779.21,6580639.99,0 154781.11,6580644.48,0</coordinates></LineString></Placemark><Placemark><name>Strandbergsgatan</name><description>Kungsholmen · Stadshagen</description><styleUrl>#mc</styleUrl><LineString><tessellate>1</tessellate><coordinates>150614.36,6580416.96,0 150614.58,6580420.15,0 150614.65,6580421.25,0</coordinates></LineString></Placemark><Placemark><name>Sveavägen</name><description>Vasastan · Vasastaden</description><styleUrl>#mc</styleUrl><LineString><tessellate>1</tessellate><coordinates>152882.38,6581543.87,0 152879.46,6581549.95,0</coordinates></LineString></Placemark><Placemark><name>Åsögatan</name><description>Södermalm · Södermalm</description><styleUrl>#mc</styleUrl><LineString><tessellate>1</tessellate><coordinates>154829.37,6577694.29,0 154834.6,6577695.62,0</coordinates></LineString></Placemark><Placemark><name>Alströmergatan</name><description>Kungsholmen · Kungsholmen</description><styleUrl>#mc</styleUrl><LineString><tessellate>1</tessellate><coordinates>151451.59,6580172.07,0 151444.73,6580168,0</coordinates></LineString></Placemark><Placemark><name>Frejgatan</name><description>Vasastan · Vasastaden</description><styleUrl>#mc</styleUrl><LineString><tessellate>1</tessellate><coordinates>152757.468,6581125.896,0 152760.127,6581127.364,0</coordinates></LineString></Placemark><Placemark><name>Gävlegatan</name><description>Vasastan · Vasastaden</description><styleUrl>#mc</styleUrl><LineString><tessellate>1</tessellate><coordinates>152166.3,6581150,0 152161.38,6581152.06,0</coordinates></LineString></Placemark><Placemark><name>Katarinavägen</name><description>Södermalm · Södermalm</description><styleUrl>#mc</styleUrl><LineString><tessellate>1</tessellate><coordinates>154356.133,6578197.33,0 154361.226,6578196.404,0</coordinates></LineString></Placemark><Placemark><name>Östermalmsgatan</name><description>Östermalm · Östermalm</description><styleUrl>#mc</styleUrl><LineString><tessellate>1</tessellate><coordinates>153802.86,6581141.48,0 153806.91,6581137.98,0</coordinates></LineString></Placemark><Placemark><name>Östermalmsgatan</name><description>Östermalm · Östermalm</description><styleUrl>#mc</styleUrl><LineString><tessellate>1</tessellate><coordinates>154512.44,6580712.87,0 154521.62,6580709.18,0</coordinates></LineString></Placemark><Placemark><name>Stagneliusvägen</name><description>Kungsholmen · Fredhäll<br/>Säsongsbegränsad: 5/15–10/15</description><styleUrl>#mc</styleUrl><LineString><tessellate>1</tessellate><coordinates>150094.21,6579415.24,0 150088.89,6579417.42,0</coordinates></LineString></Placemark><Placemark><name>Stagneliusvägen</name><description>Kungsholmen · Fredhäll<br/>Säsongsbegränsad: 5/15–10/15</description><styleUrl>#mc</styleUrl><LineString><tessellate>1</tessellate><coordinates>150094.21,6579415.24,0 150088.89,6579417.42,0</coordinates></LineString></Placemark><Placemark><name>Stagneliusvägen</name><description>Kungsholmen · Fredhäll<br/>Säsongsbegränsad: 11/15–4/15</description><styleUrl>#mc</styleUrl><LineString><tessellate>1</tessellate><coordinates>150094.21,6579415.24,0 150088.89,6579417.42,0</coordinates></LineString></Placemark><Placemark><name>Färögatan</name><description>None · Kista</description><styleUrl>#mc</styleUrl><LineString><tessellate>1</tessellate><coordinates>146925.41,6587412.47,0 146923.79,6587411.39,0 146923.69,6587411.32,0 146921.15,6587409.7,0</coordinates></LineString></Placemark><Placemark><name>Engelbrektsgatan</name><description>Östermalm · Östermalm</description><styleUrl>#mc</styleUrl><LineString><tessellate>1</tessellate><coordinates>154113.889,6580963.571,0 154111.984,6580958.887,0</coordinates></LineString></Placemark><Placemark><name>Hövdingagatan</name><description>Midsommarkransen · Aspudden<br/>Säsongsbegränsad: 5/15–10/15</description><styleUrl>#mc</styleUrl><LineString><tessellate>1</tessellate><coordinates>149390.47,6576872.92,0 149385.17,6576872.04,0</coordinates></LineString></Placemark><Placemark><name>Hövdingagatan</name><description>Midsommarkransen · Aspudden<br/>Säsongsbegränsad: 11/15–5/15</description><styleUrl>#mc</styleUrl><LineString><tessellate>1</tessellate><coordinates>149390.47,6576872.92,0 149385.17,6576872.04,0</coordinates></LineString></Placemark><Placemark><name>Pastellvägen</name><description>Hammarbyhöjden · Johanneshov<br/>Säsongsbegränsad: 5/15–10/15</description><styleUrl>#mc</styleUrl><LineString><tessellate>1</tessellate><coordinates>154952.26,6575252.2,0 154953.19,6575249,0 154953.69,6575247.22,0</coordinates></LineString></Placemark><Placemark><name>Pastellvägen</name><description>Hammarbyhöjden · Johanneshov<br/>Säsongsbegränsad: 11/15–5/15</description><styleUrl>#mc</styleUrl><LineString><tessellate>1</tessellate><coordinates>154952.26,6575252.2,0 154953.19,6575249,0 154953.69,6575247.22,0</coordinates></LineString></Placemark><Placemark><name>Malmövägen</name><description>Hammarbyhöjden · Björkhagen<br/>Säsongsbegränsad: 5/15–10/15</description><styleUrl>#mc</styleUrl><LineString><tessellate>1</tessellate><coordinates>156245.078,6575415.739,0 156243.736,6575418.193,0 156243.551,6575420.416,0</coordinates></LineString></Placemark><Placemark><name>Malmövägen</name><description>Hammarbyhöjden · Björkhagen<br/>Säsongsbegränsad: 11/15–5/15</description><styleUrl>#mc</styleUrl><LineString><tessellate>1</tessellate><coordinates>156245.078,6575415.739,0 156243.736,6575418.193,0 156243.551,6575420.416,0</coordinates></LineString></Placemark><Placemark><name>Granbacken</name><description>Riksby · Ulvsunda Industriområde<br/>Säsongsbegränsad: 5/15–10/15</description><styleUrl>#mc</styleUrl><LineString><tessellate>1</tessellate><coordinates>147851.34,6581031.18,0 147848.73,6581035.91,0</coordinates></LineString></Placemark><Placemark><name>Granbacken</name><description>Riksby · Ulvsunda Industriområde<br/>Säsongsbegränsad: 11/15–5/15</description><styleUrl>#mc</styleUrl><LineString><tessellate>1</tessellate><coordinates>147851.34,6581031.18,0 147848.73,6581035.91,0</coordinates></LineString></Placemark><Placemark><name>Spannvägen</name><description>Bromma norra · Åkeslund<br/>Säsongsbegränsad: 5/15–10/15</description><styleUrl>#mc</styleUrl><LineString><tessellate>1</tessellate><coordinates>146912.768,6580208.241,0 146917.808,6580208.915,0</coordinates></LineString></Placemark><Placemark><name>Spannvägen</name><description>Bromma norra · Åkeslund<br/>Säsongsbegränsad: 11/15–5/15</description><styleUrl>#mc</styleUrl><LineString><tessellate>1</tessellate><coordinates>146912.768,6580208.241,0 146917.808,6580208.915,0</coordinates></LineString></Placemark><Placemark><name>Söndagsvägen</name><description>None · Hökarängen<br/>Säsongsbegränsad: 5/15–10/15</description><styleUrl>#mc</styleUrl><LineString><tessellate>1</tessellate><coordinates>155424.66,6571546.69,0 155424.65,6571541.55,0</coordinates></LineString></Placemark><Placemark><name>Söndagsvägen</name><description>None · Hökarängen<br/>Säsongsbegränsad: 11/15–5/15</description><styleUrl>#mc</styleUrl><LineString><tessellate>1</tessellate><coordinates>155424.66,6571546.69,0 155424.65,6571541.55,0</coordinates></LineString></Placemark><Placemark><name>Konstgjutarvägen</name><description>Enskede · Johanneshov<br/>Säsongsbegränsad: 5/15–10/15</description><styleUrl>#mc</styleUrl><LineString><tessellate>1</tessellate><coordinates>154385.73,6575466.19,0 154380.72,6575465.13,0</coordinates></LineString></Placemark><Placemark><name>Konstgjutarvägen</name><description>Enskede · Johanneshov<br/>Säsongsbegränsad: 11/15–5/15</description><styleUrl>#mc</styleUrl><LineString><tessellate>1</tessellate><coordinates>154385.73,6575466.19,0 154380.72,6575465.13,0</coordinates></LineString></Placemark><Placemark><name>Lidköpingsvägen</name><description>Hammarbyhöjden · Hammarbyhöjden<br/>Säsongsbegränsad: 5/15–10/15</description><styleUrl>#mc</styleUrl><LineString><tessellate>1</tessellate><coordinates>156025.65,6575170.07,0 156030.68,6575170.5,0</coordinates></LineString></Placemark><Placemark><name>Lidköpingsvägen</name><description>Hammarbyhöjden · Hammarbyhöjden<br/>Säsongsbegränsad: 11/15–5/15</description><styleUrl>#mc</styleUrl><LineString><tessellate>1</tessellate><coordinates>156025.65,6575170.07,0 156030.68,6575170.5,0</coordinates></LineString></Placemark><Placemark><name>Vidängsvägen</name><description>Traneberg · Traneberg<br/>Säsongsbegränsad: 5/15–10/15</description><styleUrl>#mc</styleUrl><LineString><tessellate>1</tessellate><coordinates>148755.612,6580467.768,0 148757.1,6580472.631,0</coordinates></LineString></Placemark><Placemark><name>Vidängsvägen</name><description>Traneberg · Traneberg<br/>Säsongsbegränsad: 11/15–5/15</description><styleUrl>#mc</styleUrl><LineString><tessellate>1</tessellate><coordinates>148755.612,6580467.768,0 148757.1,6580472.631,0</coordinates></LineString></Placemark><Placemark><name>Inteckningsvägen</name><description>Hägersten · Hägerstensåsen<br/>Säsongsbegränsad: 5/15–10/15</description><styleUrl>#mc</styleUrl><LineString><tessellate>1</tessellate><coordinates>149070.47,6575261.59,0 149072.27,6575263.5,0 149073.81,6575265.37,0</coordinates></LineString></Placemark><Placemark><name>Inteckningsvägen</name><description>Hägersten · Hägerstensåsen<br/>Säsongsbegränsad: 11/15–5/15</description><styleUrl>#mc</styleUrl><LineString><tessellate>1</tessellate><coordinates>149070.47,6575261.59,0 149072.27,6575263.5,0 149073.81,6575265.37,0</coordinates></LineString></Placemark><Placemark><name>Östmarksgatan</name><description>None · Farsta<br/>Säsongsbegränsad: 5/15–10/15</description><styleUrl>#mc</styleUrl><LineString><tessellate>1</tessellate><coordinates>155758.68,6569909.21,0 155759.62,6569908.61,0 155759.77,6569908.52,0 155763,6569906.65,0</coordinates></LineString></Placemark><Placemark><name>Östmarksgatan</name><description>None · Farsta<br/>Säsongsbegränsad: 11/15–5/15</description><styleUrl>#mc</styleUrl><LineString><tessellate>1</tessellate><coordinates>155758.68,6569909.21,0 155759.62,6569908.61,0 155759.77,6569908.52,0 155763,6569906.65,0</coordinates></LineString></Placemark><Placemark><name>Norr Mälarstrand</name><description>Kungsholmen · Kungsholmen</description><styleUrl>#mc</styleUrl><LineString><tessellate>1</tessellate><coordinates>151706.422,6579267.696,0 151714.689,6579265.296,0</coordinates></LineString></Placemark><Placemark><name>Blecktornsstigen</name><description>Södermalm · Södermalm</description><styleUrl>#mc</styleUrl><LineString><tessellate>1</tessellate><coordinates>154865.945,6576960.285,0 154862.264,6576963.72,0</coordinates></LineString></Placemark><Placemark><name>Döbelnsgatan</name><description>Vasastan · Vasastaden</description><styleUrl>#mc</styleUrl><LineString><tessellate>1</tessellate><coordinates>153390.8,6580877.57,0 153388.05,6580882.74,0</coordinates></LineString></Placemark><Placemark><name>Krångedevägen</name><description>Östermalm · Hjorthagen</description><styleUrl>#mc</styleUrl><LineString><tessellate>1</tessellate><coordinates>155260.72,6581993.94,0 155261.29,6581993.88,0 155263.57,6581993.65,0 155263.68,6581993.64,0 155265.68,6581993.36,0</coordinates></LineString></Placemark><Placemark><name>Polhemsgatan</name><description>Kungsholmen · Kungsholmen</description><styleUrl>#mc</styleUrl><LineString><tessellate>1</tessellate><coordinates>152018.36,6579210.24,0 152019.71,6579215.35,0</coordinates></LineString></Placemark><Placemark><name>Stadshagsvägen</name><description>Kungsholmen · Stadshagen</description><styleUrl>#mc</styleUrl><LineString><tessellate>1</tessellate><coordinates>151182.01,6580182.93,0 151178.16,6580186.32,0</coordinates></LineString></Placemark><Placemark><name>Thorildsvägen</name><description>Kungsholmen · Kristineberg</description><styleUrl>#mc</styleUrl><LineString><tessellate>1</tessellate><coordinates>150973.45,6579745.33,0 150970.24,6579742.11,0</coordinates></LineString></Placemark><Placemark><name>Artemisgatan</name><description>Östermalm · Hjorthagen</description><styleUrl>#mc</styleUrl><LineString><tessellate>1</tessellate><coordinates>155652.55,6582308.88,0 155649.05,6582313.17,0</coordinates></LineString></Placemark><Placemark><name>Hälsingegatan</name><description>Vasastan · Vasastaden</description><styleUrl>#mc</styleUrl><LineString><tessellate>1</tessellate><coordinates>152486.16,6580728.16,0 152482.04,6580736.25,0</coordinates></LineString></Placemark><Placemark><name>Rehnsgatan</name><description>Vasastan · Vasastaden</description><styleUrl>#mc</styleUrl><LineString><tessellate>1</tessellate><coordinates>153381.321,6580855.937,0 153380.607,6580855.977,0 153377.749,6580856.731,0 153376.638,6580856.215,0</coordinates></LineString></Placemark><Placemark><name>Rödabergsgatan</name><description>Vasastan · Vasastaden</description><styleUrl>#mc</styleUrl><LineString><tessellate>1</tessellate><coordinates>151971.28,6580973.07,0 151968.81,6580972,0 151968.02,6580971.55,0 151966.68,6580970.6,0</coordinates></LineString></Placemark><Placemark><name>Anders Reimers Väg</name><description>Södermalm · Reimersholme<br/>Säsongsbegränsad: 6/15–8/15</description><styleUrl>#mc</styleUrl><LineString><tessellate>1</tessellate><coordinates>151427.249,6578227.147,0 151429.968,6578226.927,0 151432.249,6578226.489,0</coordinates></LineString></Placemark><Placemark><name>Anders Reimers Väg</name><description>Södermalm · Reimersholme<br/>Säsongsbegränsad: 8/15–6/15</description><styleUrl>#mc</styleUrl><LineString><tessellate>1</tessellate><coordinates>151427.249,6578227.147,0 151429.968,6578226.927,0 151432.249,6578226.489,0</coordinates></LineString></Placemark><Placemark><name>Alsnögatan</name><description>Södermalm · Södermalm</description><styleUrl>#mc</styleUrl><LineString><tessellate>1</tessellate><coordinates>155770.99,6577472.59,0 155774.55,6577476.41,0</coordinates></LineString></Placemark><Placemark><name>Eriksdalsgatan</name><description>Södermalm · Södermalm</description><styleUrl>#mc</styleUrl><LineString><tessellate>1</tessellate><coordinates>153920.79,6576785.13,0 153921.81,6576784.96,0</coordinates></LineString></Placemark><Placemark><name>Eriksdalsgatan</name><description>Södermalm · Södermalm</description><styleUrl>#mc</styleUrl><LineString><tessellate>1</tessellate><coordinates>153921.78,6576784.96,0 153925.8,6576784.28,0</coordinates></LineString></Placemark><Placemark><name>Kungstensgatan</name><description>Vasastan · Vasastaden</description><styleUrl>#mc</styleUrl><LineString><tessellate>1</tessellate><coordinates>153092.15,6580604.34,0 153087.7,6580601.73,0</coordinates></LineString></Placemark><Placemark><name>Gästrikegatan</name><description>Vasastan · Vasastaden</description><styleUrl>#mc</styleUrl><LineString><tessellate>1</tessellate><coordinates>152276.28,6580673.09,0 152273.52,6580678.91,0</coordinates></LineString></Placemark><Placemark><name>Mosebacke Torg</name><description>Södermalm · Södermalm</description><styleUrl>#mc</styleUrl><LineString><tessellate>1</tessellate><coordinates>154254.32,6578121.18,0 154254.34,6578121.15,0 154254.69,6578120.66,0 154254.95,6578120.11,0 154256.28,6578116.46,0</coordinates></LineString></Placemark><Placemark><name>Strålgatan</name><description>Kungsholmen · Lilla Essingen</description><styleUrl>#mc</styleUrl><LineString><tessellate>1</tessellate><coordinates>150376.039,6578818.789,0 150380.759,6578824.253,0</coordinates></LineString></Placemark><Placemark><name>Essingestråket</name><description>Stora Essingen · Stora Essingen</description><styleUrl>#mc</styleUrl><LineString><tessellate>1</tessellate><coordinates>149110.763,6578389.599,0 149106.04,6578391.028,0</coordinates></LineString></Placemark><Placemark><name>Hjalmar Söderbergs Väg</name><description>Kungsholmen · Kristineberg<br/>Säsongsbegränsad: 5/15–8/15</description><styleUrl>#mc</styleUrl><LineString><tessellate>1</tessellate><coordinates>150002.37,6579802.94,0 149996.58,6579804.75,0</coordinates></LineString></Placemark><Placemark><name>Fyrverkarbacken</name><description>Kungsholmen · Marieberg<br/>Säsongsbegränsad: 5/15–10/15</description><styleUrl>#mc</styleUrl><LineString><tessellate>1</tessellate><coordinates>151222.257,6579119.297,0 151221.066,6579119.932,0 151219.558,6579120.646,0 151217.812,6579121.202,0</coordinates></LineString></Placemark><Placemark><name>Fyrverkarbacken</name><description>Kungsholmen · Marieberg<br/>Säsongsbegränsad: 5/15–10/15</description><styleUrl>#mc</styleUrl><LineString><tessellate>1</tessellate><coordinates>151222.257,6579119.297,0 151221.066,6579119.932,0 151219.558,6579120.646,0 151217.812,6579121.202,0</coordinates></LineString></Placemark><Placemark><name>Fyrverkarbacken</name><description>Kungsholmen · Marieberg<br/>Säsongsbegränsad: 11/15–4/15</description><styleUrl>#mc</styleUrl><LineString><tessellate>1</tessellate><coordinates>151222.257,6579119.297,0 151221.066,6579119.932,0 151219.558,6579120.646,0 151217.812,6579121.202,0</coordinates></LineString></Placemark><Placemark><name>Fyrverkarbacken</name><description>Kungsholmen · Marieberg<br/>Säsongsbegränsad: 5/15–10/15</description><styleUrl>#mc</styleUrl><LineString><tessellate>1</tessellate><coordinates>151135.901,6579044.293,0 151146.088,6579044.34,0</coordinates></LineString></Placemark><Placemark><name>Fyrverkarbacken</name><description>Kungsholmen · Marieberg<br/>Säsongsbegränsad: 5/15–10/15</description><styleUrl>#mc</styleUrl><LineString><tessellate>1</tessellate><coordinates>151135.901,6579044.293,0 151146.088,6579044.34,0</coordinates></LineString></Placemark><Placemark><name>Fyrverkarbacken</name><description>Kungsholmen · Marieberg<br/>Säsongsbegränsad: 11/15–4/15</description><styleUrl>#mc</styleUrl><LineString><tessellate>1</tessellate><coordinates>151135.901,6579044.293,0 151146.088,6579044.34,0</coordinates></LineString></Placemark><Placemark><name>Grevgatan</name><description>Östermalm · Östermalm</description><styleUrl>#mc</styleUrl><LineString><tessellate>1</tessellate><coordinates>154889.238,6580011.944,0 154887.928,6580016.985,0</coordinates></LineString></Placemark><Placemark><name>Roslagsgatan</name><description>Vasastan · Vasastaden</description><styleUrl>#mc</styleUrl><LineString><tessellate>1</tessellate><coordinates>153281.86,6581505.16,0 153277.39,6581514.25,0</coordinates></LineString></Placemark><Placemark><name>Sankt Paulsgatan</name><description>Södermalm · Södermalm</description><styleUrl>#mc</styleUrl><LineString><tessellate>1</tessellate><coordinates>153950.965,6578143.234,0 153948.583,6578142.638,0 153945.964,6578141.884,0 153943.94,6578141.329,0 153942.789,6578140.614,0 153941.082,6578139.225,0</coordinates></LineString></Placemark><Placemark><name>Lindhagensgatan</name><description>Kungsholmen · Stadshagen</description><styleUrl>#mc</styleUrl><LineString><tessellate>1</tessellate><coordinates>151069.72,6579705.89,0 151055.87,6579720.08,0</coordinates></LineString></Placemark><Placemark><name>Borgargatan</name><description>Södermalm · Södermalm</description><styleUrl>#mc</styleUrl><LineString><tessellate>1</tessellate><coordinates>151950.25,6578057.24,0 151951.49,6578052.36,0</coordinates></LineString></Placemark><Placemark><name>Erik Dahlbergsgatan</name><description>Östermalm · Ladugårdsgärdet</description><styleUrl>#mc</styleUrl><LineString><tessellate>1</tessellate><coordinates>155288.86,6580996.14,0 155289.98,6580999.73,0</coordinates></LineString></Placemark><Placemark><name>Fatburs Brunnsgata</name><description>Södermalm · Södermalm</description><styleUrl>#mc</styleUrl><LineString><tessellate>1</tessellate><coordinates>153637.35,6577623.78,0 153642.43,6577624.99,0</coordinates></LineString></Placemark><Placemark><name>Lindhagensgatan</name><description>Kungsholmen · Stadshagen</description><styleUrl>#mc</styleUrl><LineString><tessellate>1</tessellate><coordinates>150793.558,6579982.891,0 150790.224,6579986.304,0</coordinates></LineString></Placemark><Placemark><name>Lindhagensgatan</name><description>Kungsholmen · Kristineberg</description><styleUrl>#mc</styleUrl><LineString><tessellate>1</tessellate><coordinates>151042.86,6579698.46,0 151039.31,6579702.04,0</coordinates></LineString></Placemark><Placemark><name>Malmgårdsvägen</name><description>Södermalm · Södermalm</description><styleUrl>#mc</styleUrl><LineString><tessellate>1</tessellate><coordinates>155089.32,6577167.96,0 155093.15,6577164.79,0</coordinates></LineString></Placemark><Placemark><name>Maria Skolgata</name><description>Södermalm · Södermalm</description><styleUrl>#mc</styleUrl><LineString><tessellate>1</tessellate><coordinates>153100.88,6577764.54,0 153095.65,6577763.27,0</coordinates></LineString></Placemark><Placemark><name>Smedsbacksgatan</name><description>Östermalm · Ladugårdsgärdet</description><styleUrl>#mc</styleUrl><LineString><tessellate>1</tessellate><coordinates>155604.28,6581504.32,0 155600.86,6581509.03,0</coordinates></LineString></Placemark><Placemark><name>Svarvargatan</name><description>Kungsholmen · Kungsholmen</description><styleUrl>#mc</styleUrl><LineString><tessellate>1</tessellate><coordinates>151520.11,6580288.79,0 151525.22,6580287.26,0</coordinates></LineString></Placemark><Placemark><name>Hjalmar Söderbergs Väg</name><description>Kungsholmen · Kristineberg<br/>Säsongsbegränsad: 5/15–8/15</description><styleUrl>#mc</styleUrl><LineString><tessellate>1</tessellate><coordinates>150002.37,6579802.94,0 149996.58,6579804.75,0</coordinates></LineString></Placemark><Placemark><name>Hjalmar Söderbergs Väg</name><description>Kungsholmen · Kristineberg<br/>Säsongsbegränsad: 9/15–4/15</description><styleUrl>#mc</styleUrl><LineString><tessellate>1</tessellate><coordinates>150002.37,6579802.94,0 149996.58,6579804.75,0</coordinates></LineString></Placemark><Placemark><name>Orvar Odds Väg</name><description>Kungsholmen · Fredhäll<br/>Säsongsbegränsad: 5/15–10/15</description><styleUrl>#mc</styleUrl><LineString><tessellate>1</tessellate><coordinates>150015.41,6579383.19,0 150014.44,6579382.33,0 150013.63,6579381.78,0 150012.32,6579381.11,0 150011.63,6579380.75,0 150011.04,6579380.5,0 150010.65,6579380.38,0</coordinates></LineString></Placemark><Placemark><name>Orvar Odds Väg</name><description>Kungsholmen · Fredhäll<br/>Säsongsbegränsad: 5/15–10/15</description><styleUrl>#mc</styleUrl><LineString><tessellate>1</tessellate><coordinates>150015.41,6579383.19,0 150014.44,6579382.33,0 150013.63,6579381.78,0 150012.32,6579381.11,0 150011.63,6579380.75,0 150011.04,6579380.5,0 150010.65,6579380.38,0</coordinates></LineString></Placemark><Placemark><name>Orvar Odds Väg</name><description>Kungsholmen · Fredhäll<br/>Säsongsbegränsad: 11/15–4/15</description><styleUrl>#mc</styleUrl><LineString><tessellate>1</tessellate><coordinates>150015.41,6579383.19,0 150014.44,6579382.33,0 150013.63,6579381.78,0 150012.32,6579381.11,0 150011.63,6579380.75,0 150011.04,6579380.5,0 150010.65,6579380.38,0</coordinates></LineString></Placemark><Placemark><name>Blekingegatan</name><description>Södermalm · Södermalm</description><styleUrl>#mc</styleUrl><LineString><tessellate>1</tessellate><coordinates>154357.66,6577291.45,0 154367.2,6577294.01,0</coordinates></LineString></Placemark><Placemark><name>Hammarby Allé</name><description>Södermalm · Södra Hammarbyhamnen</description><styleUrl>#mc</styleUrl><LineString><tessellate>1</tessellate><coordinates>155042.437,6576386.386,0 155051.644,6576390.87,0</coordinates></LineString></Placemark><Placemark><name>Heleneborgsgatan</name><description>Södermalm · Södermalm</description><styleUrl>#mc</styleUrl><LineString><tessellate>1</tessellate><coordinates>151969.04,6578203.67,0 151965.22,6578202.99,0</coordinates></LineString></Placemark><Placemark><name>Blekingegatan</name><description>Södermalm · Södermalm</description><styleUrl>#mc</styleUrl><LineString><tessellate>1</tessellate><coordinates>153702.54,6577121.28,0 153707.5,6577122.56,0</coordinates></LineString></Placemark><Placemark><name>Tappvägen</name><description>None · Mariehäll<br/>Säsongsbegränsad: 5/15–10/15</description><styleUrl>#mc</styleUrl><LineString><tessellate>1</tessellate><coordinates>147193.825,6583127.189,0 147197.198,6583124.014,0 147196.642,6583118.775,0</coordinates></LineString></Placemark><Placemark><name>Tappvägen</name><description>None · Mariehäll<br/>Säsongsbegränsad: 11/15–5/15</description><styleUrl>#mc</styleUrl><LineString><tessellate>1</tessellate><coordinates>147193.825,6583127.189,0 147197.198,6583124.014,0 147196.642,6583118.775,0</coordinates></LineString></Placemark><Placemark><name>Skaldevägen</name><description>None · Höglandet</description><styleUrl>#mc</styleUrl><LineString><tessellate>1</tessellate><coordinates>146606.237,6578745.477,0 146613.09,6578738.347,0</coordinates></LineString></Placemark><Placemark><name>Bråviksvägen</name><description>Årsta · Årsta<br/>Säsongsbegränsad: 5/15–10/15</description><styleUrl>#mc</styleUrl><LineString><tessellate>1</tessellate><coordinates>153071.49,6575498.82,0 153066.38,6575500.65,0</coordinates></LineString></Placemark><Placemark><name>Bråviksvägen</name><description>Årsta · Årsta<br/>Säsongsbegränsad: 11/15–5/15</description><styleUrl>#mc</styleUrl><LineString><tessellate>1</tessellate><coordinates>153071.49,6575498.82,0 153066.38,6575500.65,0</coordinates></LineString></Placemark><Placemark><name>Ymsenvägen</name><description>Årsta · Årsta<br/>Säsongsbegränsad: 5/15–10/15</description><styleUrl>#mc</styleUrl><LineString><tessellate>1</tessellate><coordinates>153822.825,6575944.432,0 153827.435,6575942.296,0</coordinates></LineString></Placemark><Placemark><name>Ymsenvägen</name><description>Årsta · Årsta<br/>Säsongsbegränsad: 11/15–5/15</description><styleUrl>#mc</styleUrl><LineString><tessellate>1</tessellate><coordinates>153822.825,6575944.432,0 153827.435,6575942.296,0</coordinates></LineString></Placemark><Placemark><name>Ståltrådsvägen</name><description>Riksby · Ulvsunda Industriområde<br/>Säsongsbegränsad: 5/15–10/15</description><styleUrl>#mc</styleUrl><LineString><tessellate>1</tessellate><coordinates>148514.79,6581214.22,0 148518.39,6581210.85,0</coordinates></LineString></Placemark><Placemark><name>Ståltrådsvägen</name><description>Riksby · Ulvsunda Industriområde<br/>Säsongsbegränsad: 11/15–5/15</description><styleUrl>#mc</styleUrl><LineString><tessellate>1</tessellate><coordinates>148514.79,6581214.22,0 148518.39,6581210.85,0</coordinates></LineString></Placemark><Placemark><name>Krukmakarbacken</name><description>Södermalm · Södermalm</description><styleUrl>#mc</styleUrl><LineString><tessellate>1</tessellate><coordinates>153080.61,6577942.73,0 153082.34,6577935.81,0</coordinates></LineString></Placemark><Placemark><name>Lundagatan</name><description>Södermalm · Södermalm</description><styleUrl>#mc</styleUrl><LineString><tessellate>1</tessellate><coordinates>152378.95,6578079.49,0 152373.22,6578078.04,0</coordinates></LineString></Placemark><Placemark><name>Ploggatan</name><description>Södermalm · Södermalm</description><styleUrl>#mc</styleUrl><LineString><tessellate>1</tessellate><coordinates>155236.16,6577514.27,0 155234.28,6577507.77,0</coordinates></LineString></Placemark><Placemark><name>Fatburs Brunnsgata</name><description>Södermalm · Södermalm</description><styleUrl>#mc</styleUrl><LineString><tessellate>1</tessellate><coordinates>153813.56,6577627.72,0 153815.55,6577620.12,0</coordinates></LineString></Placemark><Placemark><name>Valhallavägen</name><description>Östermalm · Östermalm</description><styleUrl>#mc</styleUrl><LineString><tessellate>1</tessellate><coordinates>155468.205,6580475.529,0 155471.975,6580474.18,0</coordinates></LineString></Placemark><Placemark><name>Virkesvägen</name><description>Södermalm · Södra Hammarbyhamnen</description><styleUrl>#mc</styleUrl><LineString><tessellate>1</tessellate><coordinates>155235.459,6576265.375,0 155240.486,6576266.169,0</coordinates></LineString></Placemark><Placemark><name>Västbergavägen</name><description>None · Västberga</description><styleUrl>#mc</styleUrl><LineString><tessellate>1</tessellate><coordinates>150518.15,6575192.63,0 150520.12,6575190.55,0 150520.37,6575190.28,0 150521.67,6575189.05,0</coordinates></LineString></Placemark><Placemark><name>Hantverkargatan</name><description>Kungsholmen · Kungsholmen</description><styleUrl>#mc</styleUrl><LineString><tessellate>1</tessellate><coordinates>151715.17,6579578.13,0 151710.54,6579580.04,0</coordinates></LineString></Placemark><Placemark><name>Industrigatan</name><description>Kungsholmen · Kungsholmen</description><styleUrl>#mc</styleUrl><LineString><tessellate>1</tessellate><coordinates>151796.53,6580146.75,0 151791.54,6580148.27,0</coordinates></LineString></Placemark><Placemark><name>Lugnets Allé</name><description>Södermalm · Södra Hammarbyhamnen</description><styleUrl>#mc</styleUrl><LineString><tessellate>1</tessellate><coordinates>156075.045,6576630.358,0 156078.114,6576634.856,0</coordinates></LineString></Placemark><Placemark><name>Magnus Ladulåsgatan</name><description>Södermalm · Södermalm</description><styleUrl>#mc</styleUrl><LineString><tessellate>1</tessellate><coordinates>153940.89,6577540.54,0 153946.1,6577541.87,0</coordinates></LineString></Placemark><Placemark><name>Ringvägen</name><description>Södermalm · Södermalm</description><styleUrl>#mc</styleUrl><LineString><tessellate>1</tessellate><coordinates>153227.95,6577313.22,0 153231.54,6577310.43,0</coordinates></LineString></Placemark><Placemark><name>Sankt Göransgatan</name><description>Kungsholmen · Kungsholmen</description><styleUrl>#mc</styleUrl><LineString><tessellate>1</tessellate><coordinates>151897.262,6579767.05,0 151902.381,6579765.66,0</coordinates></LineString></Placemark><Placemark><name>Sköldgatan</name><description>Södermalm · Södermalm</description><styleUrl>#mc</styleUrl><LineString><tessellate>1</tessellate><coordinates>153166.17,6577500.56,0 153170.97,6577502.37,0</coordinates></LineString></Placemark><Placemark><name>Torsplan</name><description>Vasastan · Vasastaden</description><styleUrl>#mc</styleUrl><LineString><tessellate>1</tessellate><coordinates>151847.83,6581143.93,0 151843.24,6581149.29,0 151843.02,6581149.56,0 151841.79,6581151.13,0</coordinates></LineString></Placemark><Placemark><name>Klevgränd</name><description>Södermalm · Södermalm</description><styleUrl>#mc</styleUrl><LineString><tessellate>1</tessellate><coordinates>154277.939,6578160.657,0 154283.019,6578159.744,0</coordinates></LineString></Placemark><Placemark><name>Sankt Göransgatan</name><description>Kungsholmen · Kungsholmen</description><styleUrl>#mc</styleUrl><LineString><tessellate>1</tessellate><coordinates>151504.49,6579873.009,0 151512.222,6579870.925,0</coordinates></LineString></Placemark><Placemark><name>Tegelviksgatan</name><description>Södermalm · Södermalm</description><styleUrl>#mc</styleUrl><LineString><tessellate>1</tessellate><coordinates>155528.713,6577079.63,0 155527.324,6577075.265,0 155527.84,6577074.431,0</coordinates></LineString></Placemark><Placemark><name>Gustav Adolfs Torg</name><description>City · Norrmalm<br/>Säsongsbegränsad: 4/15–9/15</description><styleUrl>#mc</styleUrl><LineString><tessellate>1</tessellate><coordinates>153961.639,6579428.934,0 153957.154,6579426.592,0</coordinates></LineString></Placemark><Placemark><name>Hägervägen</name><description>Tallkrogen · Tallkrogen<br/>Säsongsbegränsad: 5/15–10/15</description><styleUrl>#mc</styleUrl><LineString><tessellate>1</tessellate><coordinates>154704.433,6573319.167,0 154703.851,6573324.3,0</coordinates></LineString></Placemark><Placemark><name>Hägervägen</name><description>Tallkrogen · Tallkrogen<br/>Säsongsbegränsad: 11/15–5/15</description><styleUrl>#mc</styleUrl><LineString><tessellate>1</tessellate><coordinates>154704.433,6573319.167,0 154703.851,6573324.3,0</coordinates></LineString></Placemark><Placemark><name>Skagersvägen</name><description>Årsta · Årsta<br/>Säsongsbegränsad: 5/15–10/15</description><styleUrl>#mc</styleUrl><LineString><tessellate>1</tessellate><coordinates>153698.868,6576010.393,0 153699.979,6576005.762,0</coordinates></LineString></Placemark><Placemark><name>Skagersvägen</name><description>Årsta · Årsta<br/>Säsongsbegränsad: 11/15–5/15</description><styleUrl>#mc</styleUrl><LineString><tessellate>1</tessellate><coordinates>153698.868,6576010.393,0 153699.979,6576005.762,0</coordinates></LineString></Placemark><Placemark><name>Holmögaddsvägen</name><description>Hammarbyhöjden · Kärrtorp<br/>Säsongsbegränsad: 5/15–10/15</description><styleUrl>#mc</styleUrl><LineString><tessellate>1</tessellate><coordinates>156644.7,6574046.87,0 156641.73,6574050.98,0</coordinates></LineString></Placemark><Placemark><name>Holmögaddsvägen</name><description>Hammarbyhöjden · Kärrtorp<br/>Säsongsbegränsad: 11/15–5/15</description><styleUrl>#mc</styleUrl><LineString><tessellate>1</tessellate><coordinates>156644.7,6574046.87,0 156641.73,6574050.98,0</coordinates></LineString></Placemark><Placemark><name>Nybohovsgränd</name><description>Midsommarkransen · Liljeholmen<br/>Säsongsbegränsad: 5/15–10/15</description><styleUrl>#mc</styleUrl><LineString><tessellate>1</tessellate><coordinates>150949.985,6577091.387,0 150952.036,6577087.088,0</coordinates></LineString></Placemark><Placemark><name>Nybohovsgränd</name><description>Midsommarkransen · Liljeholmen<br/>Säsongsbegränsad: 11/15–5/15</description><styleUrl>#mc</styleUrl><LineString><tessellate>1</tessellate><coordinates>150949.985,6577091.387,0 150952.036,6577087.088,0</coordinates></LineString></Placemark><Placemark><name>sofielundsvägen</name><description>Hammarbyhöjden · Gamla Enskede<br/>Säsongsbegränsad: 5/15–10/15</description><styleUrl>#mc</styleUrl><LineString><tessellate>1</tessellate><coordinates>155162.34,6574830.11,0 155157.05,6574828.8,0</coordinates></LineString></Placemark><Placemark><name>sofielundsvägen</name><description>Hammarbyhöjden · Gamla Enskede<br/>Säsongsbegränsad: 11/15–5/15</description><styleUrl>#mc</styleUrl><LineString><tessellate>1</tessellate><coordinates>155162.34,6574830.11,0 155157.05,6574828.8,0</coordinates></LineString></Placemark><Placemark><name>Drivhusvägen</name><description>Enskede · Enskede Gård<br/>Säsongsbegränsad: 5/15–10/15</description><styleUrl>#mc</styleUrl><LineString><tessellate>1</tessellate><coordinates>154166.92,6574675.02,0 154171.11,6574677.88,0</coordinates></LineString></Placemark><Placemark><name>Drivhusvägen</name><description>Enskede · Enskede Gård<br/>Säsongsbegränsad: 11/15–5/15</description><styleUrl>#mc</styleUrl><LineString><tessellate>1</tessellate><coordinates>154166.92,6574675.02,0 154171.11,6574677.88,0</coordinates></LineString></Placemark><Placemark><name>Åsögatan</name><description>Södermalm · Södermalm<br/>Säsongsbegränsad: 6/15–8/15</description><styleUrl>#mc</styleUrl><LineString><tessellate>1</tessellate><coordinates>154412.568,6577587.223,0 154417.013,6577588.771,0</coordinates></LineString></Placemark><Placemark><name>Åsögatan</name><description>Södermalm · Södermalm<br/>Säsongsbegränsad: 8/15–6/15</description><styleUrl>#mc</styleUrl><LineString><tessellate>1</tessellate><coordinates>154412.568,6577587.223,0 154417.013,6577588.771,0</coordinates></LineString></Placemark><Placemark><name>Arenavägen</name><description>None · Johanneshov<br/>Säsongsbegränsad: 5/15–10/15</description><styleUrl>#mc</styleUrl><LineString><tessellate>1</tessellate><coordinates>154632.56,6575274.49,0 154626.38,6575283.3,0</coordinates></LineString></Placemark><Placemark><name>Arenavägen</name><description>None · Johanneshov<br/>Säsongsbegränsad: 11/15–5/15</description><styleUrl>#mc</styleUrl><LineString><tessellate>1</tessellate><coordinates>154632.56,6575274.49,0 154626.38,6575283.3,0</coordinates></LineString></Placemark><Placemark><name>Pastellvägen</name><description>Hammarbyhöjden · Johanneshov<br/>Säsongsbegränsad: 5/15–10/15</description><styleUrl>#mc</styleUrl><LineString><tessellate>1</tessellate><coordinates>154918.939,6575404.553,0 154916.141,6575414.733,0</coordinates></LineString></Placemark><Placemark><name>Pastellvägen</name><description>Hammarbyhöjden · Johanneshov<br/>Säsongsbegränsad: 11/15–5/15</description><styleUrl>#mc</styleUrl><LineString><tessellate>1</tessellate><coordinates>154918.939,6575404.553,0 154916.141,6575414.733,0</coordinates></LineString></Placemark><Placemark><name>Minnebergsvägen</name><description>Traneberg · Traneberg<br/>Säsongsbegränsad: 5/15–10/15</description><styleUrl>#mc</styleUrl><LineString><tessellate>1</tessellate><coordinates>149208.23,6580101.33,0 149212.54,6580103.82,0</coordinates></LineString></Placemark><Placemark><name>Minnebergsvägen</name><description>Traneberg · Traneberg<br/>Säsongsbegränsad: 11/15–5/15</description><styleUrl>#mc</styleUrl><LineString><tessellate>1</tessellate><coordinates>149208.23,6580101.33,0 149212.54,6580103.82,0</coordinates></LineString></Placemark><Placemark><name>Ottsjövägen</name><description>Årsta · Årsta<br/>Säsongsbegränsad: 5/15–10/15</description><styleUrl>#mc</styleUrl><LineString><tessellate>1</tessellate><coordinates>152380.75,6576028.06,0 152380,6576026.99,0 152379.32,6576025.97,0 152378.14,6576024.21,0</coordinates></LineString></Placemark><Placemark><name>Karlbergsvägen</name><description>Vasastan · Vasastaden<br/>Säsongsbegränsad: 4/15–9/15</description><styleUrl>#mc</styleUrl><LineString><tessellate>1</tessellate><coordinates>152704.79,6580884.84,0 152702.13,6580884.44,0 152694.83,6580884.15,0</coordinates></LineString></Placemark><Placemark><name>Kommendörsgatan</name><description>Östermalm · Östermalm<br/>Säsongsbegränsad: 4/15–9/15</description><styleUrl>#mc</styleUrl><LineString><tessellate>1</tessellate><coordinates>154688.27,6580344.87,0 154693.07,6580342.94,0</coordinates></LineString></Placemark><Placemark><name>Målargatan</name><description>City · Norrmalm<br/>Säsongsbegränsad: 4/15–9/15</description><styleUrl>#mc</styleUrl><LineString><tessellate>1</tessellate><coordinates>153363.251,6579958.009,0 153365.553,6579953.604,0</coordinates></LineString></Placemark><Placemark><name>Regeringsgatan</name><description>City · Norrmalm<br/>Säsongsbegränsad: 4/15–9/15</description><styleUrl>#mc</styleUrl><LineString><tessellate>1</tessellate><coordinates>153840.75,6580200.16,0 153839.84,6580209.94,0</coordinates></LineString></Placemark><Placemark><name>Regeringsgatan</name><description>City · Norrmalm<br/>Säsongsbegränsad: 4/15–9/15</description><styleUrl>#mc</styleUrl><LineString><tessellate>1</tessellate><coordinates>153810.82,6580455.66,0 153803.97,6580469.6,0</coordinates></LineString></Placemark><Placemark><name>Rosenlundsgatan</name><description>Södermalm · Södermalm<br/>Säsongsbegränsad: 4/15–9/15</description><styleUrl>#mc</styleUrl><LineString><tessellate>1</tessellate><coordinates>153297.019,6577437.124,0 153297.124,6577430.35,0</coordinates></LineString></Placemark><Placemark><name>Strandvägen</name><description>Östermalm · Östermalm<br/>Säsongsbegränsad: 4/15–9/15</description><styleUrl>#mc</styleUrl><LineString><tessellate>1</tessellate><coordinates>154641.193,6579624.305,0 154638.336,6579624.265,0 154636.351,6579623.948,0 154634.01,6579622.956,0 154631.113,6579621.844,0</coordinates></LineString></Placemark><Placemark><name>Blekholmsterrassen</name><description>City · Norrmalm</description><styleUrl>#mc</styleUrl><LineString><tessellate>1</tessellate><coordinates>152998.39,6579534.11,0 152993.38,6579543.88,0</coordinates></LineString></Placemark><Placemark><name>Regeringsgatan</name><description>City · Norrmalm</description><styleUrl>#mc</styleUrl><LineString><tessellate>1</tessellate><coordinates>153848.19,6580039.82,0 153847.31,6580049.77,0</coordinates></LineString></Placemark><Placemark><name>Regeringsgatan</name><description>City · Norrmalm</description><styleUrl>#mc</styleUrl><LineString><tessellate>1</tessellate><coordinates>153840.75,6580200.16,0 153839.84,6580209.94,0</coordinates></LineString></Placemark><Placemark><name>Sturegatan</name><description>Östermalm · Östermalm</description><styleUrl>#mc</styleUrl><LineString><tessellate>1</tessellate><coordinates>154367.31,6580680.02,0 154369.16,6580684.64,0</coordinates></LineString></Placemark><Placemark><name>Erkenskroken</name><description>Årsta · Årsta<br/>Säsongsbegränsad: 5/15–10/15</description><styleUrl>#mc</styleUrl><LineString><tessellate>1</tessellate><coordinates>152898.31,6575966.03,0 152894,6575968.83,0</coordinates></LineString></Placemark><Placemark><name>Erkenskroken</name><description>Årsta · Årsta<br/>Säsongsbegränsad: 11/15–5/15</description><styleUrl>#mc</styleUrl><LineString><tessellate>1</tessellate><coordinates>152898.31,6575966.03,0 152894,6575968.83,0</coordinates></LineString></Placemark><Placemark><name>Halmstadsvägen</name><description>Hammarbyhöjden · Björkhagen<br/>Säsongsbegränsad: 5/15–10/15</description><styleUrl>#mc</styleUrl><LineString><tessellate>1</tessellate><coordinates>156895.809,6574919.347,0 156900.453,6574917.323,0</coordinates></LineString></Placemark><Placemark><name>Halmstadsvägen</name><description>Hammarbyhöjden · Björkhagen<br/>Säsongsbegränsad: 11/15–5/15</description><styleUrl>#mc</styleUrl><LineString><tessellate>1</tessellate><coordinates>156895.809,6574919.347,0 156900.453,6574917.323,0</coordinates></LineString></Placemark><Placemark><name>Skagersvägen</name><description>Årsta · Årsta<br/>Säsongsbegränsad: 5/15–10/15</description><styleUrl>#mc</styleUrl><LineString><tessellate>1</tessellate><coordinates>153698.889,6576010.412,0 153700.013,6576005.517,0</coordinates></LineString></Placemark><Placemark><name>Skagersvägen</name><description>Årsta · Årsta<br/>Säsongsbegränsad: 11/15–5/15</description><styleUrl>#mc</styleUrl><LineString><tessellate>1</tessellate><coordinates>153698.889,6576010.412,0 153700.013,6576005.517,0</coordinates></LineString></Placemark><Placemark><name>Mörsilsgatan</name><description>Vällingby · Vällingby<br/>Säsongsbegränsad: 5/15–10/15</description><styleUrl>#mc</styleUrl><LineString><tessellate>1</tessellate><coordinates>142940.86,6583417.309,0 142932.704,6583424.099,0</coordinates></LineString></Placemark><Placemark><name>Mörsilsgatan</name><description>Vällingby · Vällingby<br/>Säsongsbegränsad: 11/15–5/15</description><styleUrl>#mc</styleUrl><LineString><tessellate>1</tessellate><coordinates>142940.86,6583417.309,0 142932.704,6583424.099,0</coordinates></LineString></Placemark><Placemark><name>Postiljonsvägen</name><description>Tallkrogen · Svedmyra<br/>Säsongsbegränsad: 5/15–10/15</description><styleUrl>#mc</styleUrl><LineString><tessellate>1</tessellate><coordinates>153763.808,6573270.75,0 153763.339,6573275.744,0</coordinates></LineString></Placemark><Placemark><name>Postiljonsvägen</name><description>Tallkrogen · Svedmyra<br/>Säsongsbegränsad: 11/15–5/15</description><styleUrl>#mc</styleUrl><LineString><tessellate>1</tessellate><coordinates>153763.808,6573270.75,0 153763.339,6573275.744,0</coordinates></LineString></Placemark><Placemark><name>Skridskovägen</name><description>Hägersten · Västertorp<br/>Säsongsbegränsad: 5/15–10/15</description><styleUrl>#mc</styleUrl><LineString><tessellate>1</tessellate><coordinates>148637.616,6575328.172,0 148640.672,6575332.247,0</coordinates></LineString></Placemark><Placemark><name>Ottsjövägen</name><description>Årsta · Årsta<br/>Säsongsbegränsad: 11/15–5/15</description><styleUrl>#mc</styleUrl><LineString><tessellate>1</tessellate><coordinates>152380.75,6576028.06,0 152380,6576026.99,0 152379.32,6576025.97,0 152378.14,6576024.21,0</coordinates></LineString></Placemark><Placemark><name>Svärdlångsvägen</name><description>Årsta · Årsta<br/>Säsongsbegränsad: 5/15–10/15</description><styleUrl>#mc</styleUrl><LineString><tessellate>1</tessellate><coordinates>151789.16,6575963.83,0 151792.83,6575960.55,0</coordinates></LineString></Placemark><Placemark><name>Svärdlångsvägen</name><description>Årsta · Årsta<br/>Säsongsbegränsad: 11/15–5/15</description><styleUrl>#mc</styleUrl><LineString><tessellate>1</tessellate><coordinates>151789.16,6575963.83,0 151792.83,6575960.55,0</coordinates></LineString></Placemark><Placemark><name>Vattenledningsvägen</name><description>Midsommarkransen · Midsommarkransen<br/>Säsongsbegränsad: 5/15–10/15</description><styleUrl>#mc</styleUrl><LineString><tessellate>1</tessellate><coordinates>150361.492,6576220.919,0 150358.363,6576216.99,0</coordinates></LineString></Placemark><Placemark><name>Vattenledningsvägen</name><description>Midsommarkransen · Midsommarkransen<br/>Säsongsbegränsad: 11/15–5/15</description><styleUrl>#mc</styleUrl><LineString><tessellate>1</tessellate><coordinates>150361.492,6576220.919,0 150358.363,6576216.99,0</coordinates></LineString></Placemark><Placemark><name>Maskinistgatan</name><description>Midsommarkransen · Gröndal<br/>Säsongsbegränsad: 5/15–10/15</description><styleUrl>#mc</styleUrl><LineString><tessellate>1</tessellate><coordinates>150804.415,6577906.992,0 150809.059,6577909.056,0</coordinates></LineString></Placemark><Placemark><name>Maskinistgatan</name><description>Midsommarkransen · Gröndal<br/>Säsongsbegränsad: 11/15–5/15</description><styleUrl>#mc</styleUrl><LineString><tessellate>1</tessellate><coordinates>150804.415,6577906.992,0 150809.059,6577909.056,0</coordinates></LineString></Placemark><Placemark><name>Johannesfredsvägen</name><description>Riksby · Ulvsunda Industriområde<br/>Säsongsbegränsad: 5/15–10/15</description><styleUrl>#mc</styleUrl><LineString><tessellate>1</tessellate><coordinates>148427.772,6581406.307,0 148430.629,6581402.298,0</coordinates></LineString></Placemark><Placemark><name>Johannesfredsvägen</name><description>Riksby · Ulvsunda Industriområde<br/>Säsongsbegränsad: 11/15–5/15</description><styleUrl>#mc</styleUrl><LineString><tessellate>1</tessellate><coordinates>148427.772,6581406.307,0 148430.629,6581402.298,0</coordinates></LineString></Placemark><Placemark><name>Valutavägen</name><description>Hägersten · Hägerstensåsen<br/>Säsongsbegränsad: 5/15–10/15</description><styleUrl>#mc</styleUrl><LineString><tessellate>1</tessellate><coordinates>148861.15,6576045.88,0 148860.65,6576046.29,0 148860.65,6576046.3,0 148859.09,6576047.6,0</coordinates></LineString></Placemark><Placemark><name>Valutavägen</name><description>Hägersten · Hägerstensåsen<br/>Säsongsbegränsad: 11/15–5/15</description><styleUrl>#mc</styleUrl><LineString><tessellate>1</tessellate><coordinates>148861.15,6576045.88,0 148860.65,6576046.29,0 148860.65,6576046.3,0 148859.09,6576047.6,0</coordinates></LineString></Placemark><Placemark><name>Valutavägen</name><description>Hägersten · Hägerstensåsen<br/>Säsongsbegränsad: 5/15–10/15</description><styleUrl>#mc</styleUrl><LineString><tessellate>1</tessellate><coordinates>148863.14,6576044.22,0 148861.15,6576045.88,0</coordinates></LineString></Placemark><Placemark><name>Tegnérgatan</name><description>City · Vasastaden</description><styleUrl>#mc</styleUrl><LineString><tessellate>1</tessellate><coordinates>152971.36,6580275.34,0 152967.2,6580273.18,0</coordinates></LineString></Placemark><Placemark><name>Wallingatan</name><description>City · Norrmalm</description><styleUrl>#mc</styleUrl><LineString><tessellate>1</tessellate><coordinates>152973.4,6580103.76,0 152968.52,6580103.38,0</coordinates></LineString></Placemark><Placemark><name>Wallingatan</name><description>City · Norrmalm</description><styleUrl>#mc</styleUrl><LineString><tessellate>1</tessellate><coordinates>153260.62,6580216.92,0 153256.61,6580214.92,0</coordinates></LineString></Placemark><Placemark><name>Brahegatan</name><description>Östermalm · Östermalm</description><styleUrl>#mc</styleUrl><LineString><tessellate>1</tessellate><coordinates>154366.92,6580410.38,0 154369.67,6580416.8,0</coordinates></LineString></Placemark><Placemark><name>Slottsbacken</name><description>Gamla Stan · Gamla Stan</description><styleUrl>#mc</styleUrl><LineString><tessellate>1</tessellate><coordinates>154226.138,6579025.622,0 154227.765,6579026.257,0</coordinates></LineString></Placemark><Placemark><name>Strandvägen</name><description>Östermalm · Östermalm</description><styleUrl>#mc</styleUrl><LineString><tessellate>1</tessellate><coordinates>155162.76,6579648.06,0 155157.29,6579647.81,0</coordinates></LineString></Placemark><Placemark><name>Styrmansgatan</name><description>Östermalm · Östermalm</description><styleUrl>#mc</styleUrl><LineString><tessellate>1</tessellate><coordinates>154891.18,6579826.64,0 154892.75,6579830.82,0</coordinates></LineString></Placemark><Placemark><name>Värtavägen</name><description>Östermalm · Ladugårdsgärdet</description><styleUrl>#mc</styleUrl><LineString><tessellate>1</tessellate><coordinates>155390.041,6580574.837,0 155385.755,6580569.241,0</coordinates></LineString></Placemark><Placemark><name>Skridskovägen</name><description>Hägersten · Västertorp<br/>Säsongsbegränsad: 11/15–5/15</description><styleUrl>#mc</styleUrl><LineString><tessellate>1</tessellate><coordinates>148637.616,6575328.172,0 148640.672,6575332.247,0</coordinates></LineString></Placemark><Placemark><name>Bagarfruvägen</name><description>None · Sköndal<br/>Säsongsbegränsad: 5/15–10/15</description><styleUrl>#mc</styleUrl><LineString><tessellate>1</tessellate><coordinates>156526.41,6571257.33,0 156530.6,6571260.04,0</coordinates></LineString></Placemark><Placemark><name>Bagarfruvägen</name><description>None · Sköndal<br/>Säsongsbegränsad: 11/15–5/15</description><styleUrl>#mc</styleUrl><LineString><tessellate>1</tessellate><coordinates>156526.41,6571257.33,0 156530.6,6571260.04,0</coordinates></LineString></Placemark><Placemark><name>Skebokvarnsvägen</name><description>None · Högdalen<br/>Säsongsbegränsad: 5/15–10/15</description><styleUrl>#mc</styleUrl><LineString><tessellate>1</tessellate><coordinates>152082.267,6572380.218,0 152082.532,6572376.779,0</coordinates></LineString></Placemark><Placemark><name>Skebokvarnsvägen</name><description>None · Högdalen<br/>Säsongsbegränsad: 11/15–5/15</description><styleUrl>#mc</styleUrl><LineString><tessellate>1</tessellate><coordinates>152082.267,6572380.218,0 152082.532,6572376.779,0</coordinates></LineString></Placemark><Placemark><name>Stålbogavägen</name><description>None · Högdalen<br/>Säsongsbegränsad: 5/15–10/15</description><styleUrl>#mc</styleUrl><LineString><tessellate>1</tessellate><coordinates>152733.95,6572228.87,0 152730.52,6572225.03,0</coordinates></LineString></Placemark><Placemark><name>Stålbogavägen</name><description>None · Högdalen<br/>Säsongsbegränsad: 11/15–5/15</description><styleUrl>#mc</styleUrl><LineString><tessellate>1</tessellate><coordinates>152733.95,6572228.87,0 152730.52,6572225.03,0</coordinates></LineString></Placemark><Placemark><name>Allhelgonagatan</name><description>Södermalm · Södermalm</description><styleUrl>#mc</styleUrl><LineString><tessellate>1</tessellate><coordinates>154058.67,6577127.73,0 154068.24,6577130.21,0</coordinates></LineString></Placemark><Placemark><name>Bergsundsgatan</name><description>Södermalm · Södermalm</description><styleUrl>#mc</styleUrl><LineString><tessellate>1</tessellate><coordinates>151634.7,6578011.4,0 151636.06,6578005.8,0</coordinates></LineString></Placemark><Placemark><name>Brännkyrkagatan</name><description>Södermalm · Södermalm</description><styleUrl>#mc</styleUrl><LineString><tessellate>1</tessellate><coordinates>153520.74,6578249.15,0 153515.4,6578247.85,0</coordinates></LineString></Placemark><Placemark><name>Geijersvägen</name><description>Kungsholmen · Kristineberg</description><styleUrl>#mc</styleUrl><LineString><tessellate>1</tessellate><coordinates>150807.62,6579658.5,0 150807.28,6579659.61,0 150805.06,6579663.05,0 150805.05,6579663.06,0</coordinates></LineString></Placemark><Placemark><name>Jägmästargatan</name><description>Östermalm · Hjorthagen</description><styleUrl>#mc</styleUrl><LineString><tessellate>1</tessellate><coordinates>155589.91,6582154.49,0 155586.96,6582157.35,0</coordinates></LineString></Placemark><Placemark><name>Valutavägen</name><description>Hägersten · Hägerstensåsen<br/>Säsongsbegränsad: 11/15–5/15</description><styleUrl>#mc</styleUrl><LineString><tessellate>1</tessellate><coordinates>148863.14,6576044.22,0 148861.15,6576045.88,0</coordinates></LineString></Placemark><Placemark><name>Kristinehamnsgatan</name><description>None · Farsta<br/>Säsongsbegränsad: 5/15–10/15</description><styleUrl>#mc</styleUrl><LineString><tessellate>1</tessellate><coordinates>155824.9,6569548.645,0 155825.758,6569553.68,0</coordinates></LineString></Placemark><Placemark><name>Kristinehamnsgatan</name><description>None · Farsta<br/>Säsongsbegränsad: 11/15–5/15</description><styleUrl>#mc</styleUrl><LineString><tessellate>1</tessellate><coordinates>155824.9,6569548.645,0 155825.758,6569553.68,0</coordinates></LineString></Placemark><Placemark><name>Sankt Eriksgatan</name><description>Kungsholmen · Kungsholmen</description><styleUrl>#mc</styleUrl><LineString><tessellate>1</tessellate><coordinates>151706.84,6579471.46,0 151708.64,6579475.28,0</coordinates></LineString></Placemark><Placemark><name>Dianavägen</name><description>Östermalm · Hjorthagen</description><styleUrl>#mc</styleUrl><LineString><tessellate>1</tessellate><coordinates>155745.83,6582387.18,0 155745.39,6582387.7,0 155742.47,6582391.29,0</coordinates></LineString></Placemark><Placemark><name>Falugatan</name><description>Vasastan · Vasastaden</description><styleUrl>#mc</styleUrl><LineString><tessellate>1</tessellate><coordinates>152124.79,6580905.16,0 152124.74,6580905.17,0 152124,6580905.51,0 152123.34,6580905.98,0 152122.78,6580906.57,0 152122.35,6580907.26,0 152120.46,6580911.15,0</coordinates></LineString></Placemark><Placemark><name>Motalavägen</name><description>Östermalm · Hjorthagen</description><styleUrl>#mc</styleUrl><LineString><tessellate>1</tessellate><coordinates>155453.58,6582001.7,0 155448.77,6582002.38,0</coordinates></LineString></Placemark><Placemark><name>Västmannagatan</name><description>Vasastan · Vasastaden</description><styleUrl>#mc</styleUrl><LineString><tessellate>1</tessellate><coordinates>152575.29,6580990.73,0 152573.08,6580995.01,0</coordinates></LineString></Placemark><Placemark><name>Råggatan</name><description>Södermalm · Södermalm</description><styleUrl>#mc</styleUrl><LineString><tessellate>1</tessellate><coordinates>153891.14,6576926.31,0 153889.89,6576922.28,0</coordinates></LineString></Placemark><Placemark><name>Fridhemsgatan</name><description>Kungsholmen · Kungsholmen</description><styleUrl>#mc</styleUrl><LineString><tessellate>1</tessellate><coordinates>151513.98,6579451.38,0 151516.19,6579455.56,0</coordinates></LineString></Placemark><Placemark><name>John Bergs Plan</name><description>Kungsholmen · Stadshagen</description><styleUrl>#mc</styleUrl><LineString><tessellate>1</tessellate><coordinates>151278.24,6580164.67,0 151279.47,6580169.48,0</coordinates></LineString></Placemark><Placemark><name>Norrbackagatan</name><description>Vasastan · Vasastaden</description><styleUrl>#mc</styleUrl><LineString><tessellate>1</tessellate><coordinates>151803.24,6580933.82,0 151804.8,6580939.29,0</coordinates></LineString></Placemark><Placemark><name>Löjtnantsgatan</name><description>Östermalm · Ladugårdsgärdet</description><styleUrl>#mc</styleUrl><LineString><tessellate>1</tessellate><coordinates>154783.93,6581195.81,0 154791.09,6581202.84,0</coordinates></LineString></Placemark><Placemark><name>Hammarby Fabriksväg</name><description>Södermalm · Södra Hammarbyhamnen</description><styleUrl>#mc</styleUrl><LineString><tessellate>1</tessellate><coordinates>155590.01,6576188.66,0 155603.98,6576189.08,0</coordinates></LineString></Placemark><Placemark><name>Katarina Bangata</name><description>Södermalm · Södermalm</description><styleUrl>#mc</styleUrl><LineString><tessellate>1</tessellate><coordinates>154864.11,6577215.15,0 154862.92,6577216.08,0</coordinates></LineString></Placemark><Placemark><name>Katarina Bangata</name><description>Södermalm · Södermalm</description><styleUrl>#mc</styleUrl><LineString><tessellate>1</tessellate><coordinates>154866.3,6577213.45,0 154864.11,6577215.15,0</coordinates></LineString></Placemark><Placemark><name>Rutger Fuchsgatan</name><description>Södermalm · Södermalm</description><styleUrl>#mc</styleUrl><LineString><tessellate>1</tessellate><coordinates>154505.02,6576961.43,0 154504.99,6576961.03,0 154504.85,6576960.11,0 154504.57,6576959.22,0 154503.76,6576957.18,0</coordinates></LineString></Placemark><Placemark><name>Bohusgatan</name><description>Södermalm · Södermalm</description><styleUrl>#mc</styleUrl><LineString><tessellate>1</tessellate><coordinates>154674.11,6576871.02,0 154678.26,6576872.06,0 154679.36,6576872.33,0</coordinates></LineString></Placemark><Placemark><name>Drejargatan</name><description>Vasastan · Vasastaden</description><styleUrl>#mc</styleUrl><LineString><tessellate>1</tessellate><coordinates>151794.33,6580483.67,0 151795.74,6580488.1,0 151795.86,6580488.46,0</coordinates></LineString></Placemark><Placemark><name>Fredrikshovsgatan</name><description>Östermalm · Östermalm</description><styleUrl>#mc</styleUrl><LineString><tessellate>1</tessellate><coordinates>155356.09,6579799.78,0 155357.92,6579804.5,0</coordinates></LineString></Placemark><Placemark><name>Heleneborgsgatan</name><description>Södermalm · Södermalm</description><styleUrl>#mc</styleUrl><LineString><tessellate>1</tessellate><coordinates>152114.78,6578217.47,0 152109.72,6578216.55,0</coordinates></LineString></Placemark><Placemark><name>Magnus Ladulåsgatan</name><description>Södermalm · Södermalm</description><styleUrl>#mc</styleUrl><LineString><tessellate>1</tessellate><coordinates>153687.86,6577473.992,0 153681.827,6577472.365,0</coordinates></LineString></Placemark><Placemark><name>Sankt Göransgatan</name><description>Kungsholmen · Stadshagen</description><styleUrl>#mc</styleUrl><LineString><tessellate>1</tessellate><coordinates>150796.36,6580352.67,0 150792.02,6580356.1,0</coordinates></LineString></Placemark><Placemark><name>Tulegatan</name><description>Vasastan · Vasastaden</description><styleUrl>#mc</styleUrl><LineString><tessellate>1</tessellate><coordinates>153372.38,6581127.16,0 153369.92,6581131.94,0</coordinates></LineString></Placemark><Placemark><name>Luxgatan</name><description>Kungsholmen · Lilla Essingen</description><styleUrl>#mc</styleUrl><LineString><tessellate>1</tessellate><coordinates>150274.68,6578714.17,0 150270.09,6578715.05,0</coordinates></LineString></Placemark><Placemark><name>Maltgatan</name><description>Södermalm · Södra Hammarbyhamnen</description><styleUrl>#mc</styleUrl><LineString><tessellate>1</tessellate><coordinates>155606.69,6576454.13,0 155603.72,6576449.63,0</coordinates></LineString></Placemark><Placemark><name>Pontonjärgatan</name><description>Kungsholmen · Kungsholmen</description><styleUrl>#mc</styleUrl><LineString><tessellate>1</tessellate><coordinates>151929.59,6579302.87,0 151924.15,6579304.48,0</coordinates></LineString></Placemark><Placemark><name>Surbrunnsgatan</name><description>Vasastan · Vasastaden</description><styleUrl>#mc</styleUrl><LineString><tessellate>1</tessellate><coordinates>153287.99,6581162.2,0 153283.84,6581160.08,0</coordinates></LineString></Placemark><Placemark><name>Tomtebogatan</name><description>Vasastan · Vasastaden</description><styleUrl>#mc</styleUrl><LineString><tessellate>1</tessellate><coordinates>151606.68,6580787.68,0 151601.72,6580790.41,0</coordinates></LineString></Placemark><Placemark><name>Tomtebogatan</name><description>Vasastan · Vasastaden</description><styleUrl>#mc</styleUrl><LineString><tessellate>1</tessellate><coordinates>151999.08,6580688.67,0 151994.06,6580688.84,0</coordinates></LineString></Placemark><Placemark><name>Älvkarleövägen</name><description>Östermalm · Hjorthagen</description><styleUrl>#mc</styleUrl><LineString><tessellate>1</tessellate><coordinates>155285.82,6582118.3,0 155280.63,6582119.02,0</coordinates></LineString></Placemark><Placemark><name>Surbrunnsgatan</name><description>Östermalm · Östermalm</description><styleUrl>#mc</styleUrl><LineString><tessellate>1</tessellate><coordinates>153609.76,6581324.5,0 153604.27,6581321.74,0</coordinates></LineString></Placemark><Placemark><name>Midskeppsgatan</name><description>Södermalm · Södra Hammarbyhamnen</description><styleUrl>#mc</styleUrl><LineString><tessellate>1</tessellate><coordinates>156089.754,6576375.653,0 156087.054,6576375.653,0 156083.04,6576371.639,0 156083.109,6576368.662,0</coordinates></LineString></Placemark><Placemark><name>Surbrunnsgatan</name><description>Vasastan · Vasastaden</description><styleUrl>#mc</styleUrl><LineString><tessellate>1</tessellate><coordinates>153454.789,6581234.779,0 153459.551,6581237.12,0</coordinates></LineString></Placemark><Placemark><name>Garvargatan</name><description>Kungsholmen · Kungsholmen</description><styleUrl>#mc</styleUrl><LineString><tessellate>1</tessellate><coordinates>152578.82,6579216.76,0 152574.81,6579217.71,0</coordinates></LineString></Placemark><Placemark><name>Henriksdalsallén</name><description>Södermalm · Södra Hammarbyhamnen</description><styleUrl>#mc</styleUrl><LineString><tessellate>1</tessellate><coordinates>155948.99,6577217.54,0 155947.43,6577214.26,0 155946.86,6577212.92,0</coordinates></LineString></Placemark><Placemark><name>Atterbomsvägen</name><description>Kungsholmen · Fredhäll<br/>Säsongsbegränsad: 4/15–10/15</description><styleUrl>#mc</styleUrl><LineString><tessellate>1</tessellate><coordinates>150341.08,6579197.25,0 150336.04,6579199.41,0</coordinates></LineString></Placemark><Placemark><name>Atterbomsvägen</name><description>Kungsholmen · Fredhäll<br/>Säsongsbegränsad: 4/15–10/15</description><styleUrl>#mc</styleUrl><LineString><tessellate>1</tessellate><coordinates>150341.08,6579197.25,0 150336.04,6579199.41,0</coordinates></LineString></Placemark><Placemark><name>Atterbomsvägen</name><description>Kungsholmen · Fredhäll<br/>Säsongsbegränsad: 11/15–3/15</description><styleUrl>#mc</styleUrl><LineString><tessellate>1</tessellate><coordinates>150341.08,6579197.25,0 150336.04,6579199.41,0</coordinates></LineString></Placemark><Placemark><name>Karlavägen</name><description>Östermalm · Östermalm</description><styleUrl>#mc</styleUrl><LineString><tessellate>1</tessellate><coordinates>155427.02,6580149.38,0 155436.12,6580145.69,0</coordinates></LineString></Placemark><Placemark><name>Tjurbergsgatan</name><description>Södermalm · Södermalm</description><styleUrl>#mc</styleUrl><LineString><tessellate>1</tessellate><coordinates>154131.214,6577272.071,0 154131.15,6577276.11,0 154131.022,6577280.021,0 154130.252,6577282.906,0</coordinates></LineString></Placemark><Placemark><name>Västmannagatan</name><description>Vasastan · Vasastaden</description><styleUrl>#mc</styleUrl><LineString><tessellate>1</tessellate><coordinates>152501.14,6581163.58,0 152498.86,6581168.07,0</coordinates></LineString></Placemark><Placemark><name>Birkagatan</name><description>Vasastan · Vasastaden</description><styleUrl>#mc</styleUrl><LineString><tessellate>1</tessellate><coordinates>151948.82,6580516.25,0 151953.43,6580518.69,0 151955.19,6580520,0</coordinates></LineString></Placemark><Placemark><name>Blekingegatan</name><description>Södermalm · Södermalm</description><styleUrl>#mc</styleUrl><LineString><tessellate>1</tessellate><coordinates>154363.119,6577293.446,0 154353.197,6577290.271,0</coordinates></LineString></Placemark><Placemark><name>Hangövägen</name><description>None · Ladugårdsgärdet</description><styleUrl>#mc</styleUrl><LineString><tessellate>1</tessellate><coordinates>156295.71,6581500.91,0 156300.75,6581500.62,0</coordinates></LineString></Placemark><Placemark><name>Rådmansgatan</name><description>Östermalm · Östermalm</description><styleUrl>#mc</styleUrl><LineString><tessellate>1</tessellate><coordinates>153709.37,6580797.93,0 153704.45,6580790.23,0</coordinates></LineString></Placemark><Placemark><name>Sankt Göransgatan</name><description>Kungsholmen · Kungsholmen</description><styleUrl>#mc</styleUrl><LineString><tessellate>1</tessellate><coordinates>151678.605,6579826.355,0 151673.713,6579827.671,0</coordinates></LineString></Placemark><Placemark><name>Valhallavägen</name><description>Östermalm · Norra Djurgården<br/>Säsongsbegränsad: 5/15–11/15</description><styleUrl>#mc</styleUrl><LineString><tessellate>1</tessellate><coordinates>153338.22,6581725.46,0 153350.55,6581713.65,0</coordinates></LineString></Placemark><Placemark><name>Valhallavägen</name><description>Östermalm · Norra Djurgården<br/>Säsongsbegränsad: 12/15–5/15</description><styleUrl>#mc</styleUrl><LineString><tessellate>1</tessellate><coordinates>153338.22,6581725.46,0 153350.55,6581713.65,0</coordinates></LineString></Placemark><Placemark><name>Heleneborgsgatan</name><description>Södermalm · Södermalm<br/>Säsongsbegränsad: 6/15–8/15</description><styleUrl>#mc</styleUrl><LineString><tessellate>1</tessellate><coordinates>152253.61,6578240.63,0 152248.98,6578239.8,0 152248.83,6578239.77,0</coordinates></LineString></Placemark><Placemark><name>Heleneborgsgatan</name><description>Södermalm · Södermalm<br/>Säsongsbegränsad: 8/15–6/15</description><styleUrl>#mc</styleUrl><LineString><tessellate>1</tessellate><coordinates>152253.61,6578240.63,0 152248.98,6578239.8,0 152248.83,6578239.77,0</coordinates></LineString></Placemark><Placemark><name>Abrahamsbergsvägen</name><description>Bromma norra · Abrahamsberg</description><styleUrl>#mc</styleUrl><LineString><tessellate>1</tessellate><coordinates>147275.658,6580064.954,0 147273.634,6580065.946,0</coordinates></LineString></Placemark><Placemark><name>Skeppsmäklargatan</name><description>Södermalm · Södra Hammarbyhamnen</description><styleUrl>#mc</styleUrl><LineString><tessellate>1</tessellate><coordinates>156479.65,6576599.81,0 156480.31,6576599.08,0 156487.43,6576591.21,0 156489.78,6576588.61,0</coordinates></LineString></Placemark><Placemark><name>Skeppsmäklargatan</name><description>Södermalm · Södra Hammarbyhamnen</description><styleUrl>#mc</styleUrl><LineString><tessellate>1</tessellate><coordinates>156479.65,6576599.81,0 156480.31,6576599.08,0 156487.43,6576591.21,0 156489.78,6576588.61,0</coordinates></LineString></Placemark><Placemark><name>Pontonjärgatan</name><description>Kungsholmen · Kungsholmen</description><styleUrl>#mc</styleUrl><LineString><tessellate>1</tessellate><coordinates>152151.3,6579258.9,0 152146.35,6579260.37,0</coordinates></LineString></Placemark><Placemark><name>Rödabergsgatan</name><description>Vasastan · Vasastaden</description><styleUrl>#mc</styleUrl><LineString><tessellate>1</tessellate><coordinates>152144.36,6581042.9,0 152142.99,6581047.22,0</coordinates></LineString></Placemark><Placemark><name>Vegagatan</name><description>Vasastan · Vasastaden</description><styleUrl>#mc</styleUrl><LineString><tessellate>1</tessellate><coordinates>152927.99,6580652.64,0 152925.9,6580656.73,0</coordinates></LineString></Placemark><Placemark><name>Lindvallsplan</name><description>Södermalm · Södermalm</description><styleUrl>#mc</styleUrl><LineString><tessellate>1</tessellate><coordinates>151662.68,6577900.84,0 151664.41,6577901.33,0 151669.37,6577902.89,0</coordinates></LineString></Placemark><Placemark><name>Luxgatan</name><description>Kungsholmen · Lilla Essingen</description><styleUrl>#mc</styleUrl><LineString><tessellate>1</tessellate><coordinates>150500.888,6578830.563,0 150506.365,6578837.746,0</coordinates></LineString></Placemark><Placemark><name>Rådmansgatan</name><description>Vasastan · Vasastaden<br/>Säsongsbegränsad: 6/15–8/15</description><styleUrl>#mc</styleUrl><LineString><tessellate>1</tessellate><coordinates>153080.229,6580460.16,0 153082.928,6580461.43,0</coordinates></LineString></Placemark><Placemark><name>Rådmansgatan</name><description>Vasastan · Vasastaden<br/>Säsongsbegränsad: 8/15–6/15</description><styleUrl>#mc</styleUrl><LineString><tessellate>1</tessellate><coordinates>153080.229,6580460.16,0 153082.928,6580461.43,0</coordinates></LineString></Placemark><Placemark><name>Gullmarsvägen</name><description>Enskede · Johanneshov<br/>Säsongsbegränsad: 5/15–10/15</description><styleUrl>#mc</styleUrl><LineString><tessellate>1</tessellate><coordinates>154377.39,6575895.28,0 154372.64,6575893.7,0</coordinates></LineString></Placemark><Placemark><name>Polhemsgatan</name><description>Kungsholmen · Kungsholmen</description><styleUrl>#mc</styleUrl><LineString><tessellate>1</tessellate><coordinates>152096.79,6579561.79,0 152101.81,6579580.99,0</coordinates></LineString></Placemark><Placemark><name>Birger Jarlsgatan</name><description>Östermalm · Östermalm</description><styleUrl>#mc</styleUrl><LineString><tessellate>1</tessellate><coordinates>153444.99,6581434.85,0 153442.76,6581439.35,0</coordinates></LineString></Placemark><Placemark><name>Brantingsgatan</name><description>Östermalm · Ladugårdsgärdet</description><styleUrl>#mc</styleUrl><LineString><tessellate>1</tessellate><coordinates>155478.3,6581162.9,0 155482.54,6581159.38,0 155483.22,6581158.81,0</coordinates></LineString></Placemark><Placemark><name>Danderydsgatan</name><description>Östermalm · Östermalm</description><styleUrl>#mc</styleUrl><LineString><tessellate>1</tessellate><coordinates>154049.47,6581068.74,0 154051.34,6581073.34,0</coordinates></LineString></Placemark><Placemark><name>Fatburs Kvarngata</name><description>Södermalm · Södermalm</description><styleUrl>#mc</styleUrl><LineString><tessellate>1</tessellate><coordinates>153450.97,6577565.45,0 153455.58,6577567.16,0</coordinates></LineString></Placemark><Placemark><name>Frejgatan</name><description>Vasastan · Vasastaden</description><styleUrl>#mc</styleUrl><LineString><tessellate>1</tessellate><coordinates>152431.36,6580947.92,0 152427.24,6580945.84,0</coordinates></LineString></Placemark><Placemark><name>Högbergsgatan</name><description>Södermalm · Södermalm</description><styleUrl>#mc</styleUrl><LineString><tessellate>1</tessellate><coordinates>153483.024,6577767.635,0 153488.117,6577768.978,0</coordinates></LineString></Placemark><Placemark><name>Krukmakargatan</name><description>Södermalm · Södermalm</description><styleUrl>#mc</styleUrl><LineString><tessellate>1</tessellate><coordinates>153405.46,6578066.12,0 153400.13,6578064.8,0</coordinates></LineString></Placemark><Placemark><name>Nytorgsgatan</name><description>Södermalm · Södermalm</description><styleUrl>#mc</styleUrl><LineString><tessellate>1</tessellate><coordinates>154680.65,6577626.61,0 154681.9,6577621.75,0</coordinates></LineString></Placemark><Placemark><name>Tjärhovsgatan</name><description>Södermalm · Södermalm</description><styleUrl>#mc</styleUrl><LineString><tessellate>1</tessellate><coordinates>154390.63,6577789.96,0 154395.49,6577791.14,0</coordinates></LineString></Placemark><Placemark><name>Upplandsgatan</name><description>Vasastan · Vasastaden</description><styleUrl>#mc</styleUrl><LineString><tessellate>1</tessellate><coordinates>152817.84,6580717.87,0 152815.01,6580723.31,0</coordinates></LineString></Placemark><Placemark><name>Sjöviksbacken</name><description>None · Liljeholmen</description><styleUrl>#mc</styleUrl><LineString><tessellate>1</tessellate><coordinates>151689.08,6576580.904,0 151693.723,6576582.213,0</coordinates></LineString></Placemark><Placemark><name>Borensvägen</name><description>Årsta · Årsta<br/>Säsongsbegränsad: 5/15–10/15</description><styleUrl>#mc</styleUrl><LineString><tessellate>1</tessellate><coordinates>153128.8,6575697.93,0 153125.97,6575700.17,0 153124.45,6575701.38,0</coordinates></LineString></Placemark><Placemark><name>Borensvägen</name><description>Årsta · Årsta<br/>Säsongsbegränsad: 11/15–5/15</description><styleUrl>#mc</styleUrl><LineString><tessellate>1</tessellate><coordinates>153128.8,6575697.93,0 153125.97,6575700.17,0 153124.45,6575701.38,0</coordinates></LineString></Placemark><Placemark><name>Paternostervägen</name><description>Hammarbyhöjden · Hammarbyhöjden<br/>Säsongsbegränsad: 5/15–10/15</description><styleUrl>#mc</styleUrl><LineString><tessellate>1</tessellate><coordinates>155551.71,6575088.48,0 155552.46,6575083.4,0</coordinates></LineString></Placemark><Placemark><name>Paternostervägen</name><description>Hammarbyhöjden · Hammarbyhöjden<br/>Säsongsbegränsad: 11/15–5/15</description><styleUrl>#mc</styleUrl><LineString><tessellate>1</tessellate><coordinates>155551.71,6575088.48,0 155552.46,6575083.4,0</coordinates></LineString></Placemark><Placemark><name>Elias Lönnrots Väg</name><description>Blackeberg · Blackeberg<br/>Säsongsbegränsad: 5/15–10/15</description><styleUrl>#mc</styleUrl><LineString><tessellate>1</tessellate><coordinates>143070.52,6581528.42,0 143066.31,6581525.71,0</coordinates></LineString></Placemark><Placemark><name>Elias Lönnrots Väg</name><description>Blackeberg · Blackeberg<br/>Säsongsbegränsad: 11/15–5/15</description><styleUrl>#mc</styleUrl><LineString><tessellate>1</tessellate><coordinates>143070.52,6581528.42,0 143066.31,6581525.71,0</coordinates></LineString></Placemark><Placemark><name>Kata Dalströms Gata</name><description>Fruängen · Fruängen<br/>Säsongsbegränsad: 5/15–10/15</description><styleUrl>#mc</styleUrl><LineString><tessellate>1</tessellate><coordinates>147802.393,6574461.501,0 147797.737,6574459.226,0</coordinates></LineString></Placemark><Placemark><name>Kata Dalströms Gata</name><description>Fruängen · Fruängen<br/>Säsongsbegränsad: 11/15–5/15</description><styleUrl>#mc</styleUrl><LineString><tessellate>1</tessellate><coordinates>147802.393,6574461.501,0 147797.737,6574459.226,0</coordinates></LineString></Placemark><Placemark><name>Blåsutvägen</name><description>Hammarbyhöjden · Johanneshov<br/>Säsongsbegränsad: 5/15–10/15</description><styleUrl>#mc</styleUrl><LineString><tessellate>1</tessellate><coordinates>155146.93,6575086.16,0 155146.94,6575084.31,0</coordinates></LineString></Placemark><Placemark><name>Blåsutvägen</name><description>Hammarbyhöjden · Johanneshov<br/>Säsongsbegränsad: 11/15–5/15</description><styleUrl>#mc</styleUrl><LineString><tessellate>1</tessellate><coordinates>155146.93,6575086.16,0 155146.94,6575084.31,0</coordinates></LineString></Placemark><Placemark><name>Blåsutvägen</name><description>Hammarbyhöjden · Johanneshov<br/>Säsongsbegränsad: 5/15–10/15</description><styleUrl>#mc</styleUrl><LineString><tessellate>1</tessellate><coordinates>155147.1,6575089.19,0 155146.92,6575085.91,0</coordinates></LineString></Placemark><Placemark><name>Gullmarsvägen</name><description>Enskede · Johanneshov<br/>Säsongsbegränsad: 11/15–5/15</description><styleUrl>#mc</styleUrl><LineString><tessellate>1</tessellate><coordinates>154377.39,6575895.28,0 154372.64,6575893.7,0</coordinates></LineString></Placemark><Placemark><name>Söder Mälarstrand</name><description>Södermalm · Södermalm</description><styleUrl>#mc</styleUrl><LineString><tessellate>1</tessellate><coordinates>152782.47,6578429.72,0 152777.78,6578428.99,0</coordinates></LineString></Placemark><Placemark><name>Valhallavägen</name><description>Östermalm · Östermalm</description><styleUrl>#mc</styleUrl><LineString><tessellate>1</tessellate><coordinates>155389.28,6580506.411,0 155394.003,6580504.347,0</coordinates></LineString></Placemark><Placemark><name>Grenljusbacken</name><description>Midsommarkransen · Gröndal</description><styleUrl>#mc</styleUrl><LineString><tessellate>1</tessellate><coordinates>150615.437,6577603.276,0 150616.469,6577603.434,0</coordinates></LineString></Placemark><Placemark><name>Kanaans Väg</name><description>None · Grimsta</description><styleUrl>#mc</styleUrl><LineString><tessellate>1</tessellate><coordinates>141780.92,6581741.68,0 141780.6,6581741.66,0 141779.26,6581741.41,0 141774.42,6581739.78,0 141773.35,6581739.28,0 141772.43,6581738.55,0 141769.07,6581735.2,0 141768.38,6581734.36,0 141767.89,6581733.38,0 141767.87,6581733.33,0</coordinates></LineString></Placemark><Placemark><name>Östgötagatan</name><description>Södermalm · Södermalm</description><styleUrl>#mc</styleUrl><LineString><tessellate>1</tessellate><coordinates>154455.8,6577294.74,0 154457.27,6577289.08,0</coordinates></LineString></Placemark><Placemark><name>Östgötagatan</name><description>Södermalm · Södermalm</description><styleUrl>#mc</styleUrl><LineString><tessellate>1</tessellate><coordinates>154582.87,6576848.04,0 154583.92,6576844.1,0 154583.93,6576844.06,0 154584.12,6576843.31,0</coordinates></LineString></Placemark><Placemark><name>Östgötagatan</name><description>Södermalm · Södermalm</description><styleUrl>#mc</styleUrl><LineString><tessellate>1</tessellate><coordinates>154443.342,6577383.586,0 154444.685,6577378.214,0</coordinates></LineString></Placemark><Placemark><name>Högalidsgatan</name><description>Södermalm · Södermalm</description><styleUrl>#mc</styleUrl><LineString><tessellate>1</tessellate><coordinates>152085.81,6578105.5,0 152081.03,6578105.15,0</coordinates></LineString></Placemark><Placemark><name>Västra Trädgårdsgatan</name><description>City · Norrmalm<br/>Säsongsbegränsad: 4/15–9/15</description><styleUrl>#mc</styleUrl><LineString><tessellate>1</tessellate><coordinates>153968.193,6579619.09,0 153968.987,6579614.169,0</coordinates></LineString></Placemark><Placemark><name>Valhallavägen</name><description>Östermalm · Norra Djurgården</description><styleUrl>#mc</styleUrl><LineString><tessellate>1</tessellate><coordinates>154223.18,6581100.89,0 154218.44,6581103.23,0 154218.4,6581103.16,0</coordinates></LineString></Placemark><Placemark><name>Valhallavägen</name><description>Östermalm · Ladugårdsgärdet</description><styleUrl>#mc</styleUrl><LineString><tessellate>1</tessellate><coordinates>154747.32,6580863.53,0 154742.24,6580866.06,0</coordinates></LineString></Placemark><Placemark><name>Valhallavägen</name><description>Östermalm · Östermalm</description><styleUrl>#mc</styleUrl><LineString><tessellate>1</tessellate><coordinates>154458.28,6580940.36,0 154462.92,6580938.09,0</coordinates></LineString></Placemark><Placemark><name>Vanadisvägen</name><description>Vasastan · Vasastaden</description><styleUrl>#mc</styleUrl><LineString><tessellate>1</tessellate><coordinates>152532.69,6581231.88,0 152528.42,6581229.71,0</coordinates></LineString></Placemark><Placemark><name>Vanadisvägen</name><description>Vasastan · Vasastaden</description><styleUrl>#mc</styleUrl><LineString><tessellate>1</tessellate><coordinates>152903.51,6581416.66,0 152901.47,6581415.61,0 152899.79,6581414.75,0</coordinates></LineString></Placemark><Placemark><name>Vanadisvägen</name><description>Vasastan · Vasastaden</description><styleUrl>#mc</styleUrl><LineString><tessellate>1</tessellate><coordinates>152340.84,6581120.96,0 152336,6581118.53,0</coordinates></LineString></Placemark><Placemark><name>Blåsutvägen</name><description>Hammarbyhöjden · Johanneshov<br/>Säsongsbegränsad: 11/15–5/15</description><styleUrl>#mc</styleUrl><LineString><tessellate>1</tessellate><coordinates>155147.1,6575089.19,0 155146.92,6575085.91,0</coordinates></LineString></Placemark><Placemark><name>Nybohovsbacken</name><description>Midsommarkransen · Liljeholmen<br/>Säsongsbegränsad: 5/15–10/15</description><styleUrl>#mc</styleUrl><LineString><tessellate>1</tessellate><coordinates>150855.935,6577079.273,0 150851.225,6577077.103,0</coordinates></LineString></Placemark><Placemark><name>Nybohovsbacken</name><description>Midsommarkransen · Liljeholmen<br/>Säsongsbegränsad: 11/15–5/15</description><styleUrl>#mc</styleUrl><LineString><tessellate>1</tessellate><coordinates>150855.935,6577079.273,0 150851.225,6577077.103,0</coordinates></LineString></Placemark><Placemark><name>Tranebergsvägen</name><description>Traneberg · Traneberg<br/>Säsongsbegränsad: 5/15–10/15</description><styleUrl>#mc</styleUrl><LineString><tessellate>1</tessellate><coordinates>148955.23,6579924.24,0 148949.53,6579926.82,0</coordinates></LineString></Placemark><Placemark><name>Tranebergsvägen</name><description>Traneberg · Traneberg<br/>Säsongsbegränsad: 11/15–5/15</description><styleUrl>#mc</styleUrl><LineString><tessellate>1</tessellate><coordinates>148955.23,6579924.24,0 148949.53,6579926.82,0</coordinates></LineString></Placemark><Placemark><name>Ekhagsvägen</name><description>Ekhagen · Norra Djurgården<br/>Säsongsbegränsad: 5/15–10/15</description><styleUrl>#mc</styleUrl><LineString><tessellate>1</tessellate><coordinates>153120.56,6584073.24,0 153122.12,6584078.33,0</coordinates></LineString></Placemark><Placemark><name>Ekhagsvägen</name><description>Ekhagen · Norra Djurgården<br/>Säsongsbegränsad: 11/15–5/15</description><styleUrl>#mc</styleUrl><LineString><tessellate>1</tessellate><coordinates>153120.56,6584073.24,0 153122.12,6584078.33,0</coordinates></LineString></Placemark><Placemark><name>Slätbaksvägen</name><description>Årsta · Årsta<br/>Säsongsbegränsad: 5/15–10/15</description><styleUrl>#mc</styleUrl><LineString><tessellate>1</tessellate><coordinates>153622.87,6575631.43,0 153627.49,6575632.94,0</coordinates></LineString></Placemark><Placemark><name>Slätbaksvägen</name><description>Årsta · Årsta<br/>Säsongsbegränsad: 11/15–5/15</description><styleUrl>#mc</styleUrl><LineString><tessellate>1</tessellate><coordinates>153622.87,6575631.43,0 153627.49,6575632.94,0</coordinates></LineString></Placemark><Placemark><name>Selmedalsvägen</name><description>Hägersten · Hägersten<br/>Säsongsbegränsad: 5/15–10/15</description><styleUrl>#mc</styleUrl><LineString><tessellate>1</tessellate><coordinates>148456.21,6576586.77,0 148451.2,6576586.49,0</coordinates></LineString></Placemark><Placemark><name>Selmedalsvägen</name><description>Hägersten · Hägersten<br/>Säsongsbegränsad: 11/15–5/15</description><styleUrl>#mc</styleUrl><LineString><tessellate>1</tessellate><coordinates>148456.21,6576586.77,0 148451.2,6576586.49,0</coordinates></LineString></Placemark><Placemark><name>Höglandstorget</name><description>None · Höglandet<br/>Säsongsbegränsad: 5/15–10/15</description><styleUrl>#mc</styleUrl><LineString><tessellate>1</tessellate><coordinates>146622.25,6578706.18,0 146625.43,6578710,0</coordinates></LineString></Placemark><Placemark><name>Fleminggatan</name><description>Kungsholmen · Kungsholmen<br/>Säsongsbegränsad: 4/15–9/15</description><styleUrl>#mc</styleUrl><LineString><tessellate>1</tessellate><coordinates>151934.69,6579898.8,0 151929.73,6579900.09,0</coordinates></LineString></Placemark><Placemark><name>Holländargatan</name><description>City · Norrmalm<br/>Säsongsbegränsad: 4/15–9/15</description><styleUrl>#mc</styleUrl><LineString><tessellate>1</tessellate><coordinates>153397.12,6580257.15,0 153392.48,6580266.23,0</coordinates></LineString></Placemark><Placemark><name>&lt;Adress saknas&gt;</name><description>Östermalm · Östermalm<br/>Säsongsbegränsad: 4/15–9/15</description><styleUrl>#mc</styleUrl><LineString><tessellate>1</tessellate><coordinates>155110.252,6580363.764,0 155109.062,6580363.685,0 155105.212,6580363.486,0</coordinates></LineString></Placemark><Placemark><name>Olof Palmes Gata</name><description>City · Norrmalm<br/>Säsongsbegränsad: 4/15–9/15</description><styleUrl>#mc</styleUrl><LineString><tessellate>1</tessellate><coordinates>153503.16,6580116.29,0 153495.5,6580111.47,0</coordinates></LineString></Placemark><Placemark><name>Olof Palmes gata</name><description>City · Norrmalm<br/>Säsongsbegränsad: 4/15–9/15</description><styleUrl>#mc</styleUrl><LineString><tessellate>1</tessellate><coordinates>153126.354,6579941.166,0 153135.204,6579945.651,0</coordinates></LineString></Placemark><Placemark><name>Olof Palmes Gata</name><description>City · Norrmalm<br/>Säsongsbegränsad: 4/15–9/15</description><styleUrl>#mc</styleUrl><LineString><tessellate>1</tessellate><coordinates>153126.354,6579941.166,0 153135.204,6579945.651,0</coordinates></LineString></Placemark><Placemark><name>Scheelegatan</name><description>Kungsholmen · Kungsholmen<br/>Säsongsbegränsad: 4/15–9/15</description><styleUrl>#mc</styleUrl><LineString><tessellate>1</tessellate><coordinates>152515.87,6579565.82,0 152517.31,6579570.82,0</coordinates></LineString></Placemark><Placemark><name>Scheelegatan</name><description>Kungsholmen · Kungsholmen<br/>Säsongsbegränsad: 4/15–9/15</description><styleUrl>#mc</styleUrl><LineString><tessellate>1</tessellate><coordinates>152603.42,6579828.23,0 152609.64,6579847.82,0</coordinates></LineString></Placemark><Placemark><name>Olof Palmes Gata</name><description>City · Norrmalm</description><styleUrl>#mc</styleUrl><LineString><tessellate>1</tessellate><coordinates>153126.354,6579941.166,0 153135.204,6579945.651,0</coordinates></LineString></Placemark><Placemark><name>Slottskajen</name><description>Gamla Stan · Gamla Stan</description><styleUrl>#mc</styleUrl><LineString><tessellate>1</tessellate><coordinates>154083.91,6579192.17,0 154069.99,6579183.61,0</coordinates></LineString></Placemark><Placemark><name>Birger Jarlsgatan</name><description>Östermalm · Östermalm</description><styleUrl>#mc</styleUrl><LineString><tessellate>1</tessellate><coordinates>153882.85,6580438.81,0 153880.59,6580443.19,0</coordinates></LineString></Placemark><Placemark><name>Karlsviksgatan</name><description>Kungsholmen · Kungsholmen</description><styleUrl>#mc</styleUrl><LineString><tessellate>1</tessellate><coordinates>151642.36,6579474.99,0 151646.09,6579484.21,0</coordinates></LineString></Placemark><Placemark><name>Konvojgatan</name><description>Södermalm · Södra Hammarbyhamnen</description><styleUrl>#mc</styleUrl><LineString><tessellate>1</tessellate><coordinates>155177.17,6576531.15,0 155174.06,6576537.57,0 155174,6576537.7,0 155172.81,6576540.34,0</coordinates></LineString></Placemark><Placemark><name>Bastugatan</name><description>Södermalm · Södermalm</description><styleUrl>#mc</styleUrl><LineString><tessellate>1</tessellate><coordinates>153475.67,6578333.36,0 153470.54,6578332.48,0</coordinates></LineString></Placemark><Placemark><name>Birkagatan</name><description>Vasastan · Vasastaden</description><styleUrl>#mc</styleUrl><LineString><tessellate>1</tessellate><coordinates>152038.48,6580718.52,0 152040.26,6580723.56,0</coordinates></LineString></Placemark><Placemark><name>Dalagatan</name><description>Vasastan · Vasastaden</description><styleUrl>#mc</styleUrl><LineString><tessellate>1</tessellate><coordinates>152337.39,6581231.52,0 152335.23,6581235.81,0</coordinates></LineString></Placemark><Placemark><name>Hagagatan</name><description>Vasastan · Vasastaden</description><styleUrl>#mc</styleUrl><LineString><tessellate>1</tessellate><coordinates>152783.47,6581477.35,0 152781.48,6581481.53,0</coordinates></LineString></Placemark><Placemark><name>Pilgatan</name><description>Kungsholmen · Kungsholmen</description><styleUrl>#mc</styleUrl><LineString><tessellate>1</tessellate><coordinates>152237.51,6579356.62,0 152238.78,6579361.87,0</coordinates></LineString></Placemark><Placemark><name>Stadshagsplan</name><description>Kungsholmen · Stadshagen</description><styleUrl>#mc</styleUrl><LineString><tessellate>1</tessellate><coordinates>151199.57,6580218.15,0 151198.26,6580213.28,0</coordinates></LineString></Placemark><Placemark><name>Tulegatan</name><description>Vasastan · Vasastaden</description><styleUrl>#mc</styleUrl><LineString><tessellate>1</tessellate><coordinates>153520.32,6580849.95,0 153517.82,6580855.02,0</coordinates></LineString></Placemark><Placemark><name>Tulegatan</name><description>Vasastan · Vasastaden</description><styleUrl>#mc</styleUrl><LineString><tessellate>1</tessellate><coordinates>153431.68,6581030.15,0 153429.4,6581034.89,0</coordinates></LineString></Placemark><Placemark><name>Untravägen</name><description>Östermalm · Hjorthagen</description><styleUrl>#mc</styleUrl><LineString><tessellate>1</tessellate><coordinates>155449.52,6582060.97,0 155442.88,6582061.91,0</coordinates></LineString></Placemark><Placemark><name>Höglandstorget</name><description>None · Höglandet<br/>Säsongsbegränsad: 11/15–5/15</description><styleUrl>#mc</styleUrl><LineString><tessellate>1</tessellate><coordinates>146622.25,6578706.18,0 146625.43,6578710,0</coordinates></LineString></Placemark><Placemark><name>Tegnérgatan</name><description>City · Vasastaden</description><styleUrl>#mc</styleUrl><LineString><tessellate>1</tessellate><coordinates>153654.052,6580625.739,0 153657.029,6580630.303,0</coordinates></LineString></Placemark><Placemark><name>Upplandsgatan</name><description>City · Norrmalm</description><styleUrl>#mc</styleUrl><LineString><tessellate>1</tessellate><coordinates>153065.99,6580232.04,0 153063.87,6580236.27,0</coordinates></LineString></Placemark><Placemark><name>Fleminggatan</name><description>Kungsholmen · Kungsholmen</description><styleUrl>#mc</styleUrl><LineString><tessellate>1</tessellate><coordinates>152450.62,6579769.06,0 152445.33,6579770.4,0</coordinates></LineString></Placemark><Placemark><name>Grev Magnigatan</name><description>Östermalm · Östermalm</description><styleUrl>#mc</styleUrl><LineString><tessellate>1</tessellate><coordinates>154955.4,6579739.13,0 154957.46,6579744.57,0</coordinates></LineString></Placemark><Placemark><name>Odengatan</name><description>Östermalm · Östermalm</description><styleUrl>#mc</styleUrl><LineString><tessellate>1</tessellate><coordinates>153694.536,6581243.888,0 153701.746,6581247.261,0</coordinates></LineString></Placemark><Placemark><name>Pipersgatan</name><description>Kungsholmen · Kungsholmen</description><styleUrl>#mc</styleUrl><LineString><tessellate>1</tessellate><coordinates>152630.51,6579611.23,0 152633.19,6579621.27,0</coordinates></LineString></Placemark><Placemark><name>Skeppargatan</name><description>Östermalm · Östermalm</description><styleUrl>#mc</styleUrl><LineString><tessellate>1</tessellate><coordinates>154879.02,6580288.96,0 154881.85,6580296.12,0</coordinates></LineString></Placemark><Placemark><name>Slottskajen</name><description>Gamla Stan · Gamla Stan</description><styleUrl>#mc</styleUrl><LineString><tessellate>1</tessellate><coordinates>154017.41,6579134.06,0 154008.91,6579128.75,0</coordinates></LineString></Placemark><Placemark><name>Tegeluddsvägen</name><description>Östermalm · Ladugårdsgärdet</description><styleUrl>#mc</styleUrl><LineString><tessellate>1</tessellate><coordinates>156477.79,6580927.63,0 156473.19,6580913.23,0</coordinates></LineString></Placemark><Placemark><name>Polhemsgatan</name><description>Kungsholmen · Kungsholmen</description><styleUrl>#mc</styleUrl><LineString><tessellate>1</tessellate><coordinates>152115.53,6579587.55,0 152121.04,6579608.62,0</coordinates></LineString></Placemark><Placemark><name>Arbetargatan</name><description>Kungsholmen · Kungsholmen</description><styleUrl>#mc</styleUrl><LineString><tessellate>1</tessellate><coordinates>151625.76,6580026.48,0 151627.28,6580031.5,0</coordinates></LineString></Placemark><Placemark><name>Dannemoragatan</name><description>Vasastan · Vasastaden</description><styleUrl>#mc</styleUrl><LineString><tessellate>1</tessellate><coordinates>152516.29,6581447.91,0 152515.96,6581452.24,0</coordinates></LineString></Placemark><Placemark><name>Hagagatan</name><description>Vasastan · Vasastaden</description><styleUrl>#mc</styleUrl><LineString><tessellate>1</tessellate><coordinates>152753.55,6581540.8,0 152751.38,6581545.2,0</coordinates></LineString></Placemark><Placemark><name>Högalidsgatan</name><description>Södermalm · Södermalm</description><styleUrl>#mc</styleUrl><LineString><tessellate>1</tessellate><coordinates>151525.8,6578125.21,0 151525.11,6578125.14,0 151521.03,6578124.85,0</coordinates></LineString></Placemark><Placemark><name>Observatoriegatan</name><description>Vasastan · Vasastaden</description><styleUrl>#mc</styleUrl><LineString><tessellate>1</tessellate><coordinates>152755.89,6580530.89,0 152751.73,6580528.81,0</coordinates></LineString></Placemark><Placemark><name>Tulegatan</name><description>Vasastan · Vasastaden</description><styleUrl>#mc</styleUrl><LineString><tessellate>1</tessellate><coordinates>153333.06,6581204.76,0 153330.87,6581209.21,0</coordinates></LineString></Placemark><Placemark><name>Hagagatan</name><description>Vasastan · Vasastaden</description><styleUrl>#mc</styleUrl><LineString><tessellate>1</tessellate><coordinates>152908.02,6581219.88,0 152904.42,6581227.6,0</coordinates></LineString></Placemark><Placemark><name>Essingetorget</name><description>Stora Essingen · Stora Essingen</description><styleUrl>#mc</styleUrl><LineString><tessellate>1</tessellate><coordinates>149350.11,6578365.87,0 149347.44,6578356.42,0</coordinates></LineString></Placemark><Placemark><name>Hästholmsvägen</name><description>Södermalm · Södra Hammarbyhamnen<br/>Säsongsbegränsad: 5/15–11/15</description><styleUrl>#mc</styleUrl><LineString><tessellate>1</tessellate><coordinates>156019.59,6577476.5,0 156023.65,6577479.2,0</coordinates></LineString></Placemark><Placemark><name>Hästholmsvägen</name><description>Södermalm · Södra Hammarbyhamnen<br/>Säsongsbegränsad: 12/15–5/15</description><styleUrl>#mc</styleUrl><LineString><tessellate>1</tessellate><coordinates>156019.59,6577476.5,0 156023.65,6577479.2,0</coordinates></LineString></Placemark><Placemark><name>Drottning Kristinas Väg</name><description>Östermalm · Norra Djurgården</description><styleUrl>#mc</styleUrl><LineString><tessellate>1</tessellate><coordinates>153833.4,6581779.42,0 153830.17,6581783.88,0</coordinates></LineString></Placemark><Placemark><name>Högbergsgatan</name><description>Södermalm · Södermalm</description><styleUrl>#mc</styleUrl><LineString><tessellate>1</tessellate><coordinates>153797.02,6577843.2,0 153792.06,6577841.91,0</coordinates></LineString></Placemark><Placemark><name>Katarina Bangata</name><description>Södermalm · Södermalm</description><styleUrl>#mc</styleUrl><LineString><tessellate>1</tessellate><coordinates>155127.89,6577000.68,0 155123.98,6577003.68,0</coordinates></LineString></Placemark><Placemark><name>Kronobergsgatan</name><description>Kungsholmen · Kungsholmen</description><styleUrl>#mc</styleUrl><LineString><tessellate>1</tessellate><coordinates>152004.93,6580033.99,0 152005.95,6580037.25,0 152005.98,6580037.35,0 152006.34,6580038.66,0</coordinates></LineString></Placemark><Placemark><name>Krukmakargatan</name><description>Södermalm · Södermalm</description><styleUrl>#mc</styleUrl><LineString><tessellate>1</tessellate><coordinates>153300.09,6578039.58,0 153294.89,6578038.29,0</coordinates></LineString></Placemark><Placemark><name>Kungstensgatan</name><description>Östermalm · Östermalm</description><styleUrl>#mc</styleUrl><LineString><tessellate>1</tessellate><coordinates>153686.97,6580912.65,0 153682.63,6580910.46,0</coordinates></LineString></Placemark><Placemark><name>Valhallavägen</name><description>Östermalm · Ladugårdsgärdet</description><styleUrl>#mc</styleUrl><LineString><tessellate>1</tessellate><coordinates>155317.15,6580606.23,0 155321.95,6580603.75,0</coordinates></LineString></Placemark><Placemark><name>Valhallavägen</name><description>Östermalm · Östermalm</description><styleUrl>#mc</styleUrl><LineString><tessellate>1</tessellate><coordinates>155087.53,6580635.74,0 155091.64,6580633.73,0</coordinates></LineString></Placemark><Placemark><name>Warfvinges Väg</name><description>Kungsholmen · Stadshagen</description><styleUrl>#mc</styleUrl><LineString><tessellate>1</tessellate><coordinates>150710.64,6580325.64,0 150710.92,6580332.01,0</coordinates></LineString></Placemark><Placemark><name>Krukmakargatan</name><description>Södermalm · Södermalm</description><styleUrl>#mc</styleUrl><LineString><tessellate>1</tessellate><coordinates>152876.63,6577946.11,0 152870.45,6577944.75,0</coordinates></LineString></Placemark><Placemark><name>Drottningholmsvägen</name><description>Kungsholmen · Kungsholmen</description><styleUrl>#mc</styleUrl><LineString><tessellate>1</tessellate><coordinates>151874.26,6579692.22,0 151866.19,6579691.71,0</coordinates></LineString></Placemark><Placemark><name>Tegeluddsvägen</name><description>Östermalm · Ladugårdsgärdet</description><styleUrl>#mc</styleUrl><LineString><tessellate>1</tessellate><coordinates>156094.81,6581410.6,0 156104.5,6581406.1,0</coordinates></LineString></Placemark><Placemark><name>Runiusgatan</name><description>Kungsholmen · Fredhäll<br/>Säsongsbegränsad: 5/15–10/15</description><styleUrl>#mc</styleUrl><LineString><tessellate>1</tessellate><coordinates>150479.2,6579387.34,0 150477.56,6579382.68,0</coordinates></LineString></Placemark><Placemark><name>Runiusgatan</name><description>Kungsholmen · Fredhäll<br/>Säsongsbegränsad: 5/15–10/15</description><styleUrl>#mc</styleUrl><LineString><tessellate>1</tessellate><coordinates>150479.2,6579387.34,0 150477.56,6579382.68,0</coordinates></LineString></Placemark><Placemark><name>Runiusgatan</name><description>Kungsholmen · Fredhäll<br/>Säsongsbegränsad: 11/15–4/15</description><styleUrl>#mc</styleUrl><LineString><tessellate>1</tessellate><coordinates>150479.2,6579387.34,0 150477.56,6579382.68,0</coordinates></LineString></Placemark><Placemark><name>Snoilskyvägen</name><description>Kungsholmen · Fredhäll<br/>Säsongsbegränsad: 5/15–10/15</description><styleUrl>#mc</styleUrl><LineString><tessellate>1</tessellate><coordinates>149891.54,6579586.51,0 149892.41,6579586.73,0 149892.67,6579586.79,0 149896.81,6579587.5,0</coordinates></LineString></Placemark><Placemark><name>Snoilskyvägen</name><description>Kungsholmen · Fredhäll<br/>Säsongsbegränsad: 5/15–10/15</description><styleUrl>#mc</styleUrl><LineString><tessellate>1</tessellate><coordinates>149891.54,6579586.51,0 149892.41,6579586.73,0 149892.67,6579586.79,0 149896.81,6579587.5,0</coordinates></LineString></Placemark><Placemark><name>Snoilskyvägen</name><description>Kungsholmen · Fredhäll<br/>Säsongsbegränsad: 11/15–4/15</description><styleUrl>#mc</styleUrl><LineString><tessellate>1</tessellate><coordinates>149891.54,6579586.51,0 149892.41,6579586.73,0 149892.67,6579586.79,0 149896.81,6579587.5,0</coordinates></LineString></Placemark><Placemark><name>Love Almqvists Väg</name><description>Kungsholmen · Kristineberg<br/>Säsongsbegränsad: 5/15–10/15</description><styleUrl>#mc</styleUrl><LineString><tessellate>1</tessellate><coordinates>149891.73,6580014.69,0 149894.18,6580023.87,0</coordinates></LineString></Placemark><Placemark><name>Love Almqvists Väg</name><description>Kungsholmen · Kristineberg<br/>Säsongsbegränsad: 5/15–10/15</description><styleUrl>#mc</styleUrl><LineString><tessellate>1</tessellate><coordinates>149891.73,6580014.69,0 149894.18,6580023.87,0</coordinates></LineString></Placemark><Placemark><name>Love Almqvists Väg</name><description>Kungsholmen · Kristineberg<br/>Säsongsbegränsad: 11/15–4/15</description><styleUrl>#mc</styleUrl><LineString><tessellate>1</tessellate><coordinates>149891.73,6580014.69,0 149894.18,6580023.87,0</coordinates></LineString></Placemark><Placemark><name>Högbergsgatan</name><description>Södermalm · Södermalm</description><styleUrl>#mc</styleUrl><LineString><tessellate>1</tessellate><coordinates>154232.34,6577969.36,0 154222.71,6577966.97,0</coordinates></LineString></Placemark><Placemark><name>Hamburgsvägen</name><description>None · Ladugårdsgärdet</description><styleUrl>#mc</styleUrl><LineString><tessellate>1</tessellate><coordinates>156390.16,6581429.74,0 156395.16,6581429.45,0</coordinates></LineString></Placemark><Placemark><name>Valhallavägen</name><description>Östermalm · Norra Djurgården<br/>Säsongsbegränsad: 5/15–11/15</description><styleUrl>#mc</styleUrl><LineString><tessellate>1</tessellate><coordinates>153870.969,6581288.914,0 153873.668,6581287.406,0</coordinates></LineString></Placemark><Placemark><name>Valhallavägen</name><description>Östermalm · Norra Djurgården<br/>Säsongsbegränsad: 12/15–5/15</description><styleUrl>#mc</styleUrl><LineString><tessellate>1</tessellate><coordinates>153870.969,6581288.914,0 153873.668,6581287.406,0</coordinates></LineString></Placemark><Placemark><name>Wollmar Yxkullsgatan</name><description>Södermalm · Södermalm</description><styleUrl>#mc</styleUrl><LineString><tessellate>1</tessellate><coordinates>153516.3,6577954.73,0 153505.91,6577952.18,0</coordinates></LineString></Placemark><Placemark><name>Starrängsringen</name><description>Östermalm · Ladugårdsgärdet</description><styleUrl>#mc</styleUrl><LineString><tessellate>1</tessellate><coordinates>154827.62,6581123.99,0 154829.59,6581127.34,0</coordinates></LineString></Placemark><Placemark><name>Bellmansgatan</name><description>Södermalm · Södermalm</description><styleUrl>#mc</styleUrl><LineString><tessellate>1</tessellate><coordinates>153761.44,6578062.08,0 153762.71,6578056.95,0</coordinates></LineString></Placemark><Placemark><name>Borgmästargatan</name><description>Södermalm · Södermalm</description><styleUrl>#mc</styleUrl><LineString><tessellate>1</tessellate><coordinates>154923.26,6577679.35,0 154924.28,6577674.7,0</coordinates></LineString></Placemark><Placemark><name>Brännkyrkagatan</name><description>Södermalm · Södermalm</description><styleUrl>#mc</styleUrl><LineString><tessellate>1</tessellate><coordinates>153001.55,6578133.03,0 152996.77,6578131.89,0</coordinates></LineString></Placemark><Placemark><name>Franzéngatan</name><description>Kungsholmen · Stadshagen</description><styleUrl>#mc</styleUrl><LineString><tessellate>1</tessellate><coordinates>150789.73,6580486.22,0 150788.92,6580486.97,0 150788.73,6580487.13,0 150785.91,6580489.46,0</coordinates></LineString></Placemark><Placemark><name>Gotlandsgatan</name><description>Södermalm · Södermalm</description><styleUrl>#mc</styleUrl><LineString><tessellate>1</tessellate><coordinates>154704.45,6577262.63,0 154709.33,6577263.89,0</coordinates></LineString></Placemark><Placemark><name>Hornsbruksgatan</name><description>Södermalm · Södermalm</description><styleUrl>#mc</styleUrl><LineString><tessellate>1</tessellate><coordinates>152018.14,6577895.13,0 152014.26,6577894.17,0 152013.57,6577894.01,0</coordinates></LineString></Placemark><Placemark><name>Hornsbruksgatan</name><description>Södermalm · Södermalm</description><styleUrl>#mc</styleUrl><LineString><tessellate>1</tessellate><coordinates>152186.48,6577935.97,0 152181.49,6577934.74,0</coordinates></LineString></Placemark><Placemark><name>Kocksgatan</name><description>Södermalm · Södermalm</description><styleUrl>#mc</styleUrl><LineString><tessellate>1</tessellate><coordinates>154825.93,6577758.79,0 154830.87,6577760.03,0</coordinates></LineString></Placemark><Placemark><name>Norra Stationsgatan</name><description>Vasastan · Vasastaden</description><styleUrl>#mc</styleUrl><LineString><tessellate>1</tessellate><coordinates>151781.37,6581114.42,0 151776.79,6581110.52,0</coordinates></LineString></Placemark><Placemark><name>Ingenjörsvägen</name><description>None · Liljeholmen</description><styleUrl>#mc</styleUrl><LineString><tessellate>1</tessellate><coordinates>151552.76,6576895.17,0 151556.97,6576898.16,0</coordinates></LineString></Placemark><Placemark><name>Ekhagsvägen</name><description>Ekhagen · Norra Djurgården</description><styleUrl>#mc</styleUrl><LineString><tessellate>1</tessellate><coordinates>153120.56,6584073.24,0 153122.12,6584078.33,0</coordinates></LineString></Placemark><Placemark><name>Mejerivägen</name><description>Midsommarkransen · Liljeholmen<br/>Säsongsbegränsad: 5/15–10/15</description><styleUrl>#mc</styleUrl><LineString><tessellate>1</tessellate><coordinates>151436.23,6577515.6,0 151436.78,6577511.3,0 151436.82,6577510.87,0 151436.82,6577510.67,0</coordinates></LineString></Placemark><Placemark><name>Mejerivägen</name><description>Midsommarkransen · Liljeholmen<br/>Säsongsbegränsad: 11/15–5/15</description><styleUrl>#mc</styleUrl><LineString><tessellate>1</tessellate><coordinates>151436.23,6577515.6,0 151436.78,6577511.3,0 151436.82,6577510.87,0 151436.82,6577510.67,0</coordinates></LineString></Placemark><Placemark><name>Tranebergs Strand</name><description>Bromma norra · Traneberg<br/>Säsongsbegränsad: 5/15–10/15</description><styleUrl>#mc</styleUrl><LineString><tessellate>1</tessellate><coordinates>149196.79,6579646.76,0 149195.92,6579646.94,0 149195.79,6579646.96,0 149191.88,6579647.65,0</coordinates></LineString></Placemark><Placemark><name>Tranebergs Strand</name><description>Bromma norra · Traneberg<br/>Säsongsbegränsad: 11/15–5/15</description><styleUrl>#mc</styleUrl><LineString><tessellate>1</tessellate><coordinates>149196.79,6579646.76,0 149195.92,6579646.94,0 149195.79,6579646.96,0 149191.88,6579647.65,0</coordinates></LineString></Placemark><Placemark><name>Skulptörvägen</name><description>Enskede · Johanneshov<br/>Säsongsbegränsad: 5/15–10/15</description><styleUrl>#mc</styleUrl><LineString><tessellate>1</tessellate><coordinates>154450.43,6575667.32,0 154446.34,6575667.49,0</coordinates></LineString></Placemark><Placemark><name>Skulptörvägen</name><description>Enskede · Johanneshov<br/>Säsongsbegränsad: 11/15–5/15</description><styleUrl>#mc</styleUrl><LineString><tessellate>1</tessellate><coordinates>154450.43,6575667.32,0 154446.34,6575667.49,0</coordinates></LineString></Placemark><Placemark><name>Hunnebergsvägen</name><description>Traneberg · Traneberg<br/>Säsongsbegränsad: 5/15–10/15</description><styleUrl>#mc</styleUrl><LineString><tessellate>1</tessellate><coordinates>148922.71,6580041.16,0 148921.58,6580042.93,0 148920.04,6580045.34,0</coordinates></LineString></Placemark><Placemark><name>Hunnebergsvägen</name><description>Traneberg · Traneberg<br/>Säsongsbegränsad: 11/15–5/15</description><styleUrl>#mc</styleUrl><LineString><tessellate>1</tessellate><coordinates>148922.71,6580041.16,0 148921.58,6580042.93,0 148920.04,6580045.34,0</coordinates></LineString></Placemark><Placemark><name>Burspråksvägen</name><description>Hammarbyhöjden · Johanneshov<br/>Säsongsbegränsad: 5/15–10/15</description><styleUrl>#mc</styleUrl><LineString><tessellate>1</tessellate><coordinates>154859.56,6575583.5,0 154858.48,6575587.55,0 154858.03,6575589.18,0</coordinates></LineString></Placemark><Placemark><name>Rindögatan</name><description>Östermalm · Ladugårdsgärdet</description><styleUrl>#mc</styleUrl><LineString><tessellate>1</tessellate><coordinates>155328.04,6581427.22,0 155332.93,6581427.26,0</coordinates></LineString></Placemark><Placemark><name>Ringvägen</name><description>Södermalm · Södermalm</description><styleUrl>#mc</styleUrl><LineString><tessellate>1</tessellate><coordinates>154452.42,6577001.16,0 154457.78,6577002.51,0</coordinates></LineString></Placemark><Placemark><name>Ringvägen</name><description>Södermalm · Södermalm</description><styleUrl>#mc</styleUrl><LineString><tessellate>1</tessellate><coordinates>153561.55,6577090.95,0 153566.99,6577087.7,0</coordinates></LineString></Placemark><Placemark><name>Södermannagatan</name><description>Södermalm · Södermalm</description><styleUrl>#mc</styleUrl><LineString><tessellate>1</tessellate><coordinates>154683.08,6577182.68,0 154684.29,6577178.06,0</coordinates></LineString></Placemark><Placemark><name>Wollmar Yxkullsgatan</name><description>Södermalm · Södermalm</description><styleUrl>#mc</styleUrl><LineString><tessellate>1</tessellate><coordinates>153009.42,6577828.88,0 153003.34,6577827.36,0</coordinates></LineString></Placemark><Placemark><name>Jakobsgatan</name><description>City · Norrmalm<br/>Säsongsbegränsad: 4/15–9/15</description><styleUrl>#mc</styleUrl><LineString><tessellate>1</tessellate><coordinates>153718.52,6579371.96,0 153709.73,6579367.51,0</coordinates></LineString></Placemark><Placemark><name>Almlöfsgatan</name><description>Östermalm · Östermalm<br/>Säsongsbegränsad: 4/15–9/15</description><styleUrl>#mc</styleUrl><LineString><tessellate>1</tessellate><coordinates>154399.88,6579833.53,0 154409.44,6579829.58,0</coordinates></LineString></Placemark><Placemark><name>Birger Jarlsgatan</name><description>Östermalm · Östermalm<br/>Säsongsbegränsad: 4/15–9/15</description><styleUrl>#mc</styleUrl><LineString><tessellate>1</tessellate><coordinates>154273.69,6579886.15,0 154276.25,6579890.46,0</coordinates></LineString></Placemark><Placemark><name>Engelbrektsgatan</name><description>Östermalm · Östermalm<br/>Säsongsbegränsad: 4/15–9/15</description><styleUrl>#mc</styleUrl><LineString><tessellate>1</tessellate><coordinates>153972.912,6580500.951,0 153972.819,6580489.005,0</coordinates></LineString></Placemark><Placemark><name>Luntmakargatan</name><description>City · Norrmalm<br/>Säsongsbegränsad: 4/15–9/15</description><styleUrl>#mc</styleUrl><LineString><tessellate>1</tessellate><coordinates>153598.39,6580265.92,0 153598.34,6580266.06,0 153592.29,6580279.79,0</coordinates></LineString></Placemark><Placemark><name>Nybrogatan</name><description>Östermalm · Östermalm<br/>Säsongsbegränsad: 4/15–9/15</description><styleUrl>#mc</styleUrl><LineString><tessellate>1</tessellate><coordinates>154492.64,6580197.49,0 154494.48,6580202.15,0</coordinates></LineString></Placemark><Placemark><name>Burspråksvägen</name><description>Hammarbyhöjden · Johanneshov<br/>Säsongsbegränsad: 11/15–5/15</description><styleUrl>#mc</styleUrl><LineString><tessellate>1</tessellate><coordinates>154859.56,6575583.5,0 154858.48,6575587.55,0 154858.03,6575589.18,0</coordinates></LineString></Placemark><Placemark><name>Palandergatan</name><description>Hammarbyhöjden · Hammarbyhöjden<br/>Säsongsbegränsad: 5/15–10/15</description><styleUrl>#mc</styleUrl><LineString><tessellate>1</tessellate><coordinates>155132.99,6575623.49,0 155140.31,6575616.67,0</coordinates></LineString></Placemark><Placemark><name>Palandergatan</name><description>Hammarbyhöjden · Hammarbyhöjden<br/>Säsongsbegränsad: 11/15–5/15</description><styleUrl>#mc</styleUrl><LineString><tessellate>1</tessellate><coordinates>155132.99,6575623.49,0 155140.31,6575616.67,0</coordinates></LineString></Placemark><Placemark><name>Steningevägen</name><description>Årsta · Årsta<br/>Säsongsbegränsad: 5/15–10/15</description><styleUrl>#mc</styleUrl><LineString><tessellate>1</tessellate><coordinates>154048.907,6575876.965,0 154050.891,6575881.992,0</coordinates></LineString></Placemark><Placemark><name>Steningevägen</name><description>Årsta · Årsta<br/>Säsongsbegränsad: 11/15–5/15</description><styleUrl>#mc</styleUrl><LineString><tessellate>1</tessellate><coordinates>154048.907,6575876.965,0 154050.891,6575881.992,0</coordinates></LineString></Placemark><Placemark><name>Galonvägen</name><description>Riksby · Riksby<br/>Säsongsbegränsad: 5/15–10/15</description><styleUrl>#mc</styleUrl><LineString><tessellate>1</tessellate><coordinates>146909.525,6580558.733,0 146914.327,6580560.083,0</coordinates></LineString></Placemark><Placemark><name>Galonvägen</name><description>Riksby · Riksby<br/>Säsongsbegränsad: 11/15–5/15</description><styleUrl>#mc</styleUrl><LineString><tessellate>1</tessellate><coordinates>146909.525,6580558.733,0 146914.327,6580560.083,0</coordinates></LineString></Placemark><Placemark><name>Klädesvägen</name><description>Bromma norra · Riksby<br/>Säsongsbegränsad: 5/15–10/15</description><styleUrl>#mc</styleUrl><LineString><tessellate>1</tessellate><coordinates>146584.393,6580423.175,0 146580.226,6580425.874,0</coordinates></LineString></Placemark><Placemark><name>Klädesvägen</name><description>Bromma norra · Riksby<br/>Säsongsbegränsad: 11/15–5/15</description><styleUrl>#mc</styleUrl><LineString><tessellate>1</tessellate><coordinates>146584.393,6580423.175,0 146580.226,6580425.874,0</coordinates></LineString></Placemark><Placemark><name>Primusgatan</name><description>Kungsholmen · Lilla Essingen</description><styleUrl>#mc</styleUrl><LineString><tessellate>1</tessellate><coordinates>150165.93,6578698.92,0 150168.4,6578693.94,0 150168.7,6578693.14,0 150169.56,6578689.57,0</coordinates></LineString></Placemark><Placemark><name>Eriksdalsgatan</name><description>Södermalm · Södermalm</description><styleUrl>#mc</styleUrl><LineString><tessellate>1</tessellate><coordinates>153729.03,6576839.36,0 153733.79,6576838.05,0</coordinates></LineString></Placemark><Placemark><name>Kristinebergsvägen</name><description>Kungsholmen · Kristineberg</description><styleUrl>#mc</styleUrl><LineString><tessellate>1</tessellate><coordinates>150849.09,6579781.48,0 150845.39,6579777.7,0</coordinates></LineString></Placemark><Placemark><name>Humlegårdsgatan</name><description>Östermalm · Östermalm<br/>Säsongsbegränsad: 4/15–9/15</description><styleUrl>#mc</styleUrl><LineString><tessellate>1</tessellate><coordinates>154088.92,6580257.06,0 154073.26,6580263.1,0</coordinates></LineString></Placemark><Placemark><name>Luntmakargatan</name><description>City · Norrmalm</description><styleUrl>#mc</styleUrl><LineString><tessellate>1</tessellate><coordinates>153483.01,6580506.45,0 153480.88,6580510.95,0</coordinates></LineString></Placemark><Placemark><name>Odengatan</name><description>Vasastan · Vasastaden</description><styleUrl>#mc</styleUrl><LineString><tessellate>1</tessellate><coordinates>152336.75,6580601.76,0 152332.41,6580599.63,0</coordinates></LineString></Placemark><Placemark><name>Renstiernas Gata</name><description>Södermalm · Södermalm</description><styleUrl>#mc</styleUrl><LineString><tessellate>1</tessellate><coordinates>154842.15,6577506.75,0 154843.28,6577501.89,0</coordinates></LineString></Placemark><Placemark><name>Grevgatan</name><description>Östermalm · Östermalm</description><styleUrl>#mc</styleUrl><LineString><tessellate>1</tessellate><coordinates>154889.199,6580011.98,0 154888.405,6580016.981,0</coordinates></LineString></Placemark><Placemark><name>Karlavägen</name><description>Östermalm · Östermalm</description><styleUrl>#mc</styleUrl><LineString><tessellate>1</tessellate><coordinates>154884.783,6580405.11,0 154869.9,6580411.024,0</coordinates></LineString></Placemark><Placemark><name>Hammarby Allé</name><description>Södermalm · Södra Hammarbyhamnen</description><styleUrl>#mc</styleUrl><LineString><tessellate>1</tessellate><coordinates>155300.5,6576544.02,0 155291.34,6576539.57,0</coordinates></LineString></Placemark><Placemark><name>Högbergsgatan</name><description>Södermalm · Södermalm</description><styleUrl>#mc</styleUrl><LineString><tessellate>1</tessellate><coordinates>154455.72,6578020.97,0 154451.69,6578019.88,0</coordinates></LineString></Placemark><Placemark><name>Karlavägen</name><description>Östermalm · Östermalm</description><styleUrl>#mc</styleUrl><LineString><tessellate>1</tessellate><coordinates>153972.87,6580761.03,0 153981.41,6580752.41,0</coordinates></LineString></Placemark><Placemark><name>Hälsingegatan</name><description>Vasastan · Vasastaden</description><styleUrl>#mc</styleUrl><LineString><tessellate>1</tessellate><coordinates>152242.43,6581200.73,0 152237.63,6581202.2,0 152236.32,6581202.77,0 152235.17,6581203.61,0 152235.17,6581203.62,0</coordinates></LineString></Placemark><Placemark><name>Hälsingegatan</name><description>Vasastan · Vasastaden</description><styleUrl>#mc</styleUrl><LineString><tessellate>1</tessellate><coordinates>152203.74,6581259.85,0 152201.28,6581264.67,0</coordinates></LineString></Placemark><Placemark><name>Rörstrandsgatan</name><description>Vasastan · Vasastaden</description><styleUrl>#mc</styleUrl><LineString><tessellate>1</tessellate><coordinates>151641.69,6580651.66,0 151637.25,6580653.13,0</coordinates></LineString></Placemark><Placemark><name>Strålgatan</name><description>Kungsholmen · Lilla Essingen</description><styleUrl>#mc</styleUrl><LineString><tessellate>1</tessellate><coordinates>150254.72,6578812.73,0 150253.69,6578813.44,0 150250.48,6578815.92,0</coordinates></LineString></Placemark><Placemark><name>Tantogatan</name><description>Södermalm · Södermalm</description><styleUrl>#mc</styleUrl><LineString><tessellate>1</tessellate><coordinates>153105.92,6577396.2,0 153101.4,6577395.07,0</coordinates></LineString></Placemark><Placemark><name>Tavastgatan</name><description>Södermalm · Södermalm</description><styleUrl>#mc</styleUrl><LineString><tessellate>1</tessellate><coordinates>153535.51,6578306.1,0 153530.71,6578305.1,0</coordinates></LineString></Placemark><Placemark><name>Vetegatan</name><description>Södermalm · Södermalm</description><styleUrl>#mc</styleUrl><LineString><tessellate>1</tessellate><coordinates>154017.27,6576883.01,0 154016.47,6576877.85,0</coordinates></LineString></Placemark><Placemark><name>Gästrikegatan</name><description>Vasastan · Vasastaden</description><styleUrl>#mc</styleUrl><LineString><tessellate>1</tessellate><coordinates>152227.05,6580751.87,0 152224.77,6580756.67,0</coordinates></LineString></Placemark><Placemark><name>Upplandsgatan</name><description>Vasastan · Vasastaden</description><styleUrl>#mc</styleUrl><LineString><tessellate>1</tessellate><coordinates>152470.21,6581420.62,0 152467.9,6581425.15,0</coordinates></LineString></Placemark><Placemark><name>Tavastgatan</name><description>Södermalm · Södermalm</description><styleUrl>#mc</styleUrl><LineString><tessellate>1</tessellate><coordinates>153360.97,6578264.6,0 153354.34,6578263.12,0</coordinates></LineString></Placemark><Placemark><name>Surbrunnsgatan</name><description>Vasastan · Vasastaden</description><styleUrl>#mc</styleUrl><LineString><tessellate>1</tessellate><coordinates>152973.413,6580992.181,0 152979.697,6580995.29,0</coordinates></LineString></Placemark><Placemark><name>Surbrunnsgatan</name><description>Vasastan · Vasastaden</description><styleUrl>#mc</styleUrl><LineString><tessellate>1</tessellate><coordinates>152973.413,6580992.181,0 152979.697,6580995.29,0</coordinates></LineString></Placemark><Placemark><name>Strålgatan</name><description>Kungsholmen · Lilla Essingen</description><styleUrl>#mc</styleUrl><LineString><tessellate>1</tessellate><coordinates>150382.67,6578827.74,0 150375.42,6578818.99,0</coordinates></LineString></Placemark><Placemark><name>Högalidsgatan</name><description>Södermalm · Södermalm</description><styleUrl>#mc</styleUrl><LineString><tessellate>1</tessellate><coordinates>151796.3,6578121.26,0 151793.26,6578122.09,0</coordinates></LineString></Placemark><Placemark><name>Kocksgatan</name><description>Södermalm · Södermalm</description><styleUrl>#mc</styleUrl><LineString><tessellate>1</tessellate><coordinates>154466.52,6577667.33,0 154471.33,6577668.55,0</coordinates></LineString></Placemark><Placemark><name>Kocksgatan</name><description>Södermalm · Södermalm</description><styleUrl>#mc</styleUrl><LineString><tessellate>1</tessellate><coordinates>154313.77,6577627.59,0 154318.65,6577628.84,0</coordinates></LineString></Placemark><Placemark><name>Lignagatan</name><description>Södermalm · Södermalm</description><styleUrl>#mc</styleUrl><LineString><tessellate>1</tessellate><coordinates>152146.04,6577718.16,0 152147.19,6577713.53,0</coordinates></LineString></Placemark><Placemark><name>Möregatan</name><description>Södermalm · Södermalm</description><styleUrl>#mc</styleUrl><LineString><tessellate>1</tessellate><coordinates>153988.38,6577406.14,0 153989.43,6577401.96,0</coordinates></LineString></Placemark><Placemark><name>Starrängsringen</name><description>Östermalm · Ladugårdsgärdet</description><styleUrl>#mc</styleUrl><LineString><tessellate>1</tessellate><coordinates>154951.72,6581000.16,0 154946.83,6580997.65,0</coordinates></LineString></Placemark><Placemark><name>Luntmakargatan</name><description>Vasastan · Vasastaden</description><styleUrl>#mc</styleUrl><LineString><tessellate>1</tessellate><coordinates>153292.35,6580915.2,0 153289.7,6580920.51,0</coordinates></LineString></Placemark><Placemark><name>Hantverkargatan</name><description>Kungsholmen · Kungsholmen</description><styleUrl>#mc</styleUrl><LineString><tessellate>1</tessellate><coordinates>151932.57,6579476.16,0 151927.75,6579478.15,0</coordinates></LineString></Placemark><Placemark><name>Tullvaktsvägen</name><description>None · Ladugårdsgärdet</description><styleUrl>#mc</styleUrl><LineString><tessellate>1</tessellate><coordinates>156554.167,6580550.484,0 156559.392,6580548.103,0</coordinates></LineString></Placemark><Placemark><name>Lindetorpsvägen</name><description>Enskede · Enskede Gård</description><styleUrl>#mc</styleUrl><LineString><tessellate>1</tessellate><coordinates>153903.77,6575569.98,0 153899.98,6575566.5,0</coordinates></LineString></Placemark><Placemark><name>Rindögatan</name><description>Östermalm · Ladugårdsgärdet<br/>Säsongsbegränsad: 6/15–8/15</description><styleUrl>#mc</styleUrl><LineString><tessellate>1</tessellate><coordinates>155706.55,6581226.95,0 155706.04,6581232.97,0</coordinates></LineString></Placemark><Placemark><name>Rindögatan</name><description>Östermalm · Ladugårdsgärdet<br/>Säsongsbegränsad: 8/15–6/15</description><styleUrl>#mc</styleUrl><LineString><tessellate>1</tessellate><coordinates>155706.55,6581226.95,0 155706.04,6581232.97,0</coordinates></LineString></Placemark></Folder>
<Folder><name>Taxezoner (samma taxa som bil)</name><Placemark><name>Taxa 1 – 55 kr/tim alla dagar 00-24</name><description>55 kr/tim alla dagar 00-24 Boende: ingen boendeparkering</description><styleUrl>#z1</styleUrl><MultiGeometry><Polygon><outerBoundaryIs><LinearRing><coordinates>153032.314799,6579401.568426,0 153244.393103,6579266.513586,0 153296.093784,6579169.442919,0 153406.364458,6579196.736827,0 153460.571356,6579208.697149,0 153535.605102,6579221.143601,0 153577.80974,6579211.647557,0 153648.502508,6579242.245919,0 153725.525971,6579208.482209,0 153801.030882,6579252.394224,0 153813.37152,6579258.851228,0 153882.964814,6579290.438248,0 153924.528526,6579318.108142,0 153941.567021,6579327.931652,0 153968.202638,6579337.206354,0 154159.621329,6579365.771981,0 154180.231183,6579367.464952,0 154230.926507,6579369.914948,0 154257.040912,6579405.96296,0 154381.972684,6579565.070783,0 154349.099492,6579620.900652,0 154384.6646,6579681.519,0 154409.619166,6579749.243446,0 154327.360301,6579789.75532,0 154172.476494,6580058.84638,0 154119.861248,6580132.164528,0 153743.972859,6580101.663807,0 153673.65347,6580089.312626,0 153595.923371,6580051.765036,0 153128.857907,6579820.053786,0 153080.850132,6579916.860673,0 153064.627724,6579908.947304,0 153112.239831,6579813.986869,0 152889.847834,6579714.145392,0 152902.972315,6579685.97868,0 152908.515326,6579671.757377,0 152910.1878,6579635.707,0 152902.4799,6579618.743,0 152911.8904,6579598.306,0 152912.0553,6579587.753,0 152934.6172,6579540.748,0 152948.8638,6579520.576,0 152964.8916,6579488.999,0 152993.2261,6579444.072,0 153006.200679,6579428.473883,0 153032.314799,6579401.568426,0</coordinates></LinearRing></outerBoundaryIs></Polygon></MultiGeometry></Placemark><Placemark><name>Taxa 2 – 31 kr/tim vardagar 7-21 och dag före helgdag och helgdag 9-19, 20 kr/tim övrig tid,</name><description>31 kr/tim vardagar 7-21 och dag före helgdag och helgdag 9-19, 20 kr/tim övrig tid, Boende: 1100 kr/månad eller 75 kr/dygn</description><styleUrl>#z2</styleUrl><MultiGeometry><Polygon><outerBoundaryIs><LinearRing><coordinates>148694.646773,6579796.913345,0 148687.61,6579785.97,0 148699.88272,6579780.551789,0 148756.316507,6579766.305986,0 148761.261331,6579796.563601,0 148703.807184,6579809.749798,0 148695.330342,6579797.976407,0 148694.646773,6579796.913345,0</coordinates></LinearRing></outerBoundaryIs></Polygon><Polygon><outerBoundaryIs><LinearRing><coordinates>150716.354427,6573464.705254,0 150704.464427,6573449.525254,0 150659.004425,6573407.145252,0 150633.374425,6573379.545251,0 150600.744424,6573350.74525,0 150582.054423,6573332.215249,0 150554.734422,6573306.645248,0 150547.434422,6573300.155248,0 150558.864423,6573285.115248,0 150593.364423,6573315.985249,0 150612.244424,6573334.26525,0 150829.46443,6573536.145257,0 150814.97443,6573551.145257,0 150754.304428,6573494.435255,0 150744.454428,6573490.795255,0 150716.354427,6573464.705254,0</coordinates></LinearRing></outerBoundaryIs></Polygon><Polygon><outerBoundaryIs><LinearRing><coordinates>154183.174524,6577734.885404,0 154179.054524,6577744.595405,0 154151.414523,6577845.835408,0 154136.854523,6577842.155408,0 154123.674523,6577843.235408,0 154127.284523,6577829.765407,0 154152.954523,6577726.805404,0 154201.244524,6577542.865398,0 154198.774524,6577516.705397,0 154266.604525,6577252.735388,0 154303.284526,6577109.865383,0 154337.744527,6576975.835379,0 154369.714527,6576983.885379,0 154194.984524,6577664.095402,0 154749.334539,6577803.075407,0 154766.214539,6577807.035408,0 154773.564539,6577778.385407,0 154829.42454,6577546.425399,0 154889.714541,6577296.035391,0 154906.684542,6577225.505388,0 154922.764542,6577235.515389,0 154784.66454,6577809.255408,0 155210.394551,6577821.555409,0 155239.324551,6577817.455409,0 155368.924555,6577790.455408,0 155389.594555,6577788.835408,0 155394.534555,6577817.295409,0 155358.484554,6577818.835409,0 155335.474554,6577820.915409,0 155250.954552,6577838.97541,0 155114.344548,6577848.72541,0 154912.874543,6577843.495409,0 154886.374542,6577836.105409,0 154778.824539,6577832.955409,0 154725.614538,6578043.335416,0 154707.714538,6578035.395415,0 154743.184539,6577887.56541,0 154749.604539,6577878.02541,0 154761.164539,6577830.005408,0 154195.044524,6577688.845403,0 154183.174524,6577734.885404,0</coordinates></LinearRing></outerBoundaryIs></Polygon><Polygon><outerBoundaryIs><LinearRing><coordinates>152310.894476,6577898.435406,0 151958.724467,6577811.865403,0 151984.094468,6577786.715402,0 152011.804468,6577794.075402,0 152106.774471,6577817.405403,0 152124.244471,6577821.695403,0 152428.844479,6577896.515407,0 152467.37448,6577912.185407,0 152859.244491,6578008.435411,0 152905.874492,6578019.895412,0 153133.944498,6578075.905414,0 153325.244501,6577305.665388,0 153345.544502,6577307.075388,0 153151.414498,6578080.155414,0 153407.104505,6578143.015417,0 153526.554508,6578172.355418,0 153604.22451,6578191.435419,0 153713.584513,6578218.30542,0 154009.284521,6578290.965423,0 154003.75452,6578314.095423,0 153124.234497,6578099.105415,0 152899.664492,6578043.805412,0 152853.25449,6578031.685412,0 152660.194485,6577984.43541,0 152630.124485,6577983.03541,0 152332.794477,6577909.995407,0 152310.894476,6577898.435406,0</coordinates></LinearRing></outerBoundaryIs></Polygon><Polygon><outerBoundaryIs><LinearRing><coordinates>154470.13,6580928.25,0 154406.18,6580771.36,0 154390.231917,6580753.987706,0 154339.05097,6580628.358038,0 154041.137527,6580746.973139,0 154016.606081,6580737.213317,0 153982.927038,6580739.808151,0 153968.654562,6580704.456327,0 153911.33136,6580670.559197,0 153897.47059,6580664.575736,0 153840.490476,6580646.021518,0 153807.334417,6580650.083684,0 153773.997367,6580658.147949,0 153759.905883,6580685.874661,0 153383.216368,6580492.435636,0 153336.747627,6580468.446105,0 153340.046457,6580461.947985,0 153307.504036,6580445.319624,0 153304.255436,6580451.664784,0 153166.152723,6580380.355402,0 153143.963372,6580423.814173,0 153002.168238,6580350.457948,0 153024.433139,6580307.107329,0 152864.298635,6580224.314556,0 152837.270417,6580214.535331,0 152766.641372,6580178.652014,0 152731.490637,6580155.722989,0 152717.669498,6580144.118418,0 152701.36594,6580126.703253,0 152685.062381,6580102.61845,0 152663.941862,6580059.265805,0 152658.38383,6580046.297065,0 152625.776713,6579956.627492,0 152612.530071,6579917.952857,0 152532.98118,6579614.569957,0 152516.728525,6579597.238531,0 152469.885528,6579432.247086,0 152474.685844,6579412.139873,0 152451.473474,6579331.535106,0 152434.493041,6579318.522699,0 152350.314233,6579014.736545,0 152616.731008,6579002.86649,0 153232.918717,6579075.66949,0 153305.692679,6579115.190858,0 153298.164504,6579164.395451,0 153406.364458,6579196.736827,0 153296.093784,6579169.442919,0 153244.393103,6579266.513586,0 153032.314799,6579401.568426,0 153006.200679,6579428.473883,0 152993.2261,6579444.072,0 152964.8916,6579488.999,0 152948.8638,6579520.576,0 152934.6172,6579540.748,0 152912.0553,6579587.753,0 152911.8904,6579598.306,0 152902.4799,6579618.743,0 152910.1878,6579635.707,0 152908.515326,6579671.757377,0 152902.972315,6579685.97868,0 152889.847834,6579714.145392,0 153112.239831,6579813.986869,0 153064.627724,6579908.947304,0 153080.850132,6579916.860673,0 153128.857907,6579820.053786,0 153595.923371,6580051.765036,0 153673.65347,6580089.312626,0 153743.972859,6580101.663807,0 154119.861248,6580132.164528,0 154172.476494,6580058.84638,0 154327.360301,6579789.75532,0 154409.619166,6579749.243446,0 154384.6646,6579681.519,0 154378.122778,6579670.368901,0 154384.024533,6579675.19547,0 154424.804061,6579672.117739,0 154623.869268,6579553.593048,0 155345.4651,6579587.898,0 155336.785377,6579660.801876,0 155171.474441,6580229.57066,0 155197.500634,6580266.148013,0 155207.348383,6580311.869704,0 155186.949475,6580343.523182,0 155135.600499,6580372.363017,0 155085.658344,6580368.142554,0 155069.34801,6580337.588155,0 154363.423965,6580619.269964,0 154487.12,6580922.75,0 154470.13,6580928.25,0</coordinates></LinearRing></outerBoundaryIs></Polygon><Polygon><outerBoundaryIs><LinearRing><coordinates>154351.214532,6579617.308594,0 154351.214532,6579624.505597,0 154349.099492,6579620.900652,0 154351.214532,6579617.308594,0</coordinates></LinearRing></outerBoundaryIs></Polygon><Polygon><outerBoundaryIs><LinearRing><coordinates>154399.054533,6579555.815466,0 154372.19306,6579581.679914,0 154381.972684,6579565.070783,0 154257.040912,6579405.96296,0 154230.926507,6579369.914948,0 154180.231183,6579367.464952,0 154233.654528,6579364.425459,0 154314.76453,6579320.235458,0 154428.224533,6579173.505453,0 154577.224537,6579287.875457,0 154543.964536,6579428.675462,0 154399.054533,6579555.815466,0</coordinates></LinearRing></outerBoundaryIs></Polygon><Polygon><outerBoundaryIs><LinearRing><coordinates>154169.404526,6579234.105455,0 154180.231183,6579367.464952,0 154159.621329,6579365.771981,0 153968.202638,6579337.206354,0 153941.567021,6579327.931652,0 153924.528526,6579318.108142,0 153948.722277,6579277.17731,0 153953.507339,6579271.744762,0 153948.692919,6579269.662851,0 154008.06471,6579173.486818,0 154011.235705,6579175.396738,0 154021.193419,6579158.367501,0 153903.886125,6579089.469557,0 153882.9504,6579079.789,0 153789.42673,6579112.99905,0 153801.030882,6579252.394224,0 153725.525971,6579208.482209,0 153648.502508,6579242.245919,0 153577.80974,6579211.647557,0 153535.605102,6579221.143601,0 153460.571356,6579208.697149,0 153520.53451,6579216.795453,0 153536.02451,6579217.705453,0 153566.554511,6579209.955453,0 153581.594511,6579208.595453,0 153645.834513,6579132.49545,0 153621.234512,6579120.19545,0 153610.754512,6579137.96545,0 153591.614511,6579144.795451,0 153570.654511,6579139.32545,0 153561.084511,6579130.67545,0 153556.52451,6579111.535449,0 153593.434511,6579075.085448,0 153657.234513,6579119.73545,0 153704.624514,6579061.415448,0 153672.724513,6579036.345447,0 153660.424513,6579019.035447,0 153664.524513,6579007.645446,0 153727.624514,6578926.145444,0 153746.244515,6578906.085443,0 153755.874515,6578891.035442,0 153764.024515,6578873.135442,0 153780.5348,6578818.113,0 153777.423212,6578815.643608,0 153781.254516,6578802.685439,0 153816.117479,6578691.021718,0 153829.292072,6578697.609015,0 153886.2159,6578595.917,0 153884.2152,6578609.563,0 153898.4237,6578619.929,0 153903.744518,6578606.655433,0 153930.634519,6578586.145432,0 153959.79452,6578575.665432,0 154007.644521,6578579.765432,0 154038.624522,6578581.135432,0 154086.474523,6578557.895432,0 154102.874523,6578537.395431,0 154103.784523,6578528.275431,0 154163.487579,6578504.381652,0 154256.320798,6578488.881345,0 154298.354528,6578571.565433,0 154324.324529,6578630.805435,0 154378.554531,6578899.645444,0 154303.36453,6579063.235449,0 154302.91453,6579079.18545,0 154296.534529,6579090.57545,0 154281.954529,6579101.05545,0 154257.074528,6579114.435451,0 154220.324528,6579174.945453,0 154186.264527,6579224.995454,0 154169.404526,6579234.105455,0</coordinates></LinearRing></outerBoundaryIs></Polygon><Polygon><outerBoundaryIs><LinearRing><coordinates>152120.974476,6580477.475493,0 152132.004476,6580478.955493,0 152139.054476,6580481.235493,0 152209.914478,6580515.525494,0 152269.55448,6580544.545495,0 152318.594481,6580569.065496,0 152616.884489,6580712.605502,0 152970.804499,6580884.395508,0 153151.824503,6580972.245511,0 153287.694506,6580690.555502,0 153373.684508,6580512.205496,0 153383.216368,6580492.435636,0 153412.554509,6580507.585496,0 153181.484504,6580986.655512,0 153580.124515,6581180.205519,0 153801.864521,6581287.755523,0 153773.69452,6581307.435524,0 153168.474504,6581013.675513,0 153125.284503,6580992.715512,0 152956.334498,6580910.715509,0 152302.514481,6580860.615506,0 152279.644481,6580858.795506,0 152231.654479,6580855.215506,0 152151.894477,6580849.085505,0 152090.134476,6580844.345505,0 152025.254474,6580990.67551,0 152012.994474,6581018.325511,0 151965.574473,6581125.295515,0 151960.164473,6581139.185515,0 151941.584473,6581186.185517,0 151914.394472,6581168.975516,0 151929.004472,6581145.085515,0 151938.404472,6581125.875514,0 151943.614473,6581115.555514,0 151979.294473,6581035.105511,0 152007.624474,6580971.215509,0 152055.954475,6580862.225506,0 152082.774476,6580801.675504,0 152128.474477,6580698.3655,0 152126.104476,6580680.4755,0 152081.124475,6580533.755495,0 152062.314474,6580469.915493,0 152002.144473,6580324.145488,0 151941.474471,6580177.185482,0 151886.274469,6580043.695478,0 151876.044469,6580034.395478,0 151838.894468,6579944.415474,0 151831.874468,6579921.425474,0 151861.004468,6579913.985473,0 151950.774471,6579891.105473,0 151962.424471,6579888.145473,0 152014.554472,6579874.855472,0 152032.004473,6579870.405472,0 152164.584476,6579836.585471,0 152182.034476,6579832.135471,0 152233.324478,6579819.055471,0 152247.134478,6579815.525471,0 152327.43448,6579795.04547,0 152344.87448,6579790.61547,0 152457.694483,6579761.885469,0 152475.074484,6579757.435469,0 152564.471385,6579734.667037,0 152570.369387,6579757.160789,0 151868.254468,6579936.935474,0 151967.394471,6580177.085482,0 152024.334473,6580314.985487,0 152084.514475,6580460.755492,0 152091.664475,6580478.305493,0 152095.364475,6580479.935493,0 152103.464475,6580478.125493,0 152111.054476,6580477.275493,0 152120.974476,6580477.475493,0</coordinates></LinearRing></outerBoundaryIs><innerBoundaryIs><LinearRing><coordinates>152159.594477,6580628.435498,0 152197.794478,6580542.265495,0 152168.204477,6580528.195495,0 152149.504477,6580520.465494,0 152141.714477,6580517.795494,0 152110.524476,6580527.355495,0 152141.174477,6580627.265498,0 152159.594477,6580628.435498,0</coordinates></LinearRing></innerBoundaryIs><innerBoundaryIs><LinearRing><coordinates>152924.164497,6580886.845508,0 152232.274479,6580559.295496,0 152226.194479,6580557.265496,0 152216.784479,6580560.715496,0 152164.974477,6580675.8955,0 152165.954477,6580700.2555,0 152208.384479,6580806.855504,0 152214.454479,6580811.755504,0 152645.94449,6580844.775506,0 152924.164497,6580886.845508,0</coordinates></LinearRing></innerBoundaryIs><innerBoundaryIs><LinearRing><coordinates>152146.654477,6580730.175501,0 152142.374477,6580731.935502,0 152133.854477,6580746.015502,0 152108.404476,6580803.555504,0 152166.404478,6580808.045504,0 152171.944478,6580796.335504,0 152167.324478,6580794.095504,0 152156.204477,6580766.245503,0 152159.904477,6580764.725503,0 152152.554477,6580746.365502,0 152149.164477,6580736.215502,0 152146.654477,6580730.175501,0</coordinates></LinearRing></innerBoundaryIs></Polygon><Polygon><outerBoundaryIs><LinearRing><coordinates>155812.058883,6581514.061844,0 155818.806973,6581505.398314,0 155815.645813,6581472.347503,0 155808.962302,6581412.529661,0 155791.106802,6581252.695826,0 155786.520181,6581228.894605,0 155774.189241,6581107.007131,0 155730.91016,6581046.141348,0 155706.963999,6581014.156027,0 155639.317737,6580923.180074,0 155370.54268,6580562.239322,0 155395.31815,6580551.630131,0 155400.87501,6580561.085292,0 155510.007753,6580708.340087,0 155661.612398,6580912.409744,0 155703.155979,6580973.028016,0 155765.729701,6581056.198179,0 155780.784171,6581079.86104,0 155787.511621,6581093.23583,0 155798.053682,6581125.737101,0 155812.253132,6581252.841216,0 155811.356052,6581272.939866,0 155828.048093,6581421.237031,0 155836.816353,6581496.085004,0 155838.096913,6581497.773074,0 155842.997453,6581499.389114,0 155812.058883,6581514.061844,0</coordinates></LinearRing></outerBoundaryIs></Polygon><Polygon><outerBoundaryIs><LinearRing><coordinates>155028.304554,6582422.265564,0 155024.524554,6582404.525563,0 155016.434554,6582374.235562,0 154973.304552,6582286.305559,0 154959.224552,6582261.275558,0 154923.844551,6582190.665556,0 154915.434551,6582168.735555,0 154909.124551,6582131.625554,0 154899.72455,6582058.335551,0 154896.07455,6582042.935551,0 154888.44455,6582025.38555,0 154908.73455,6582011.79555,0 154915.06455,6582029.19555,0 154916.624551,6582056.565551,0 154922.624551,6582101.595553,0 154928.244551,6582128.235554,0 154935.354551,6582154.505554,0 154940.984551,6582171.985555,0 154960.424552,6582219.975557,0 154986.234553,6582273.135558,0 155036.544554,6582373.395562,0 155047.184555,6582414.575563,0 155066.214555,6582464.565565,0 155070.074555,6582471.875565,0 155084.564556,6582494.645566,0 155097.094556,6582510.555567,0 155127.554557,6582542.675568,0 155276.824561,6582645.845572,0 155288.394561,6582650.735572,0 155401.154564,6582685.605573,0 155441.374565,6582697.955574,0 155463.334566,6582706.625574,0 155520.474567,6582733.975575,0 155551.104568,6582744.975575,0 155609.28457,6582762.385576,0 155620.15457,6582762.855576,0 155627.54457,6582759.875576,0 155635.45457,6582751.235576,0 155638.74457,6582742.735575,0 155641.41457,6582731.105575,0 155642.19457,6582723.565575,0 155643.24457,6582704.005574,0 155646.06457,6582689.355574,0 155654.924571,6582658.235573,0 155666.514571,6582629.115572,0 155672.064571,6582619.575571,0 155680.734571,6582601.935571,0 155690.874571,6582599.985571,0 155758.204573,6582595.335571,0 155763.004573,6582592.855571,0 155766.684573,6582588.45557,0 155771.244573,6582549.765569,0 155768.364573,6582544.725569,0 155789.454574,6582543.795569,0 155784.344574,6582555.875569,0 155780.354574,6582576.44557,0 155779.714574,6582597.275571,0 155778.084574,6582602.945571,0 155772.344573,6582605.985571,0 155690.314571,6582611.365571,0 155684.184571,6582615.735571,0 155667.794571,6582656.115573,0 155654.874571,6582702.365574,0 155654.264571,6582710.995574,0 155653.284571,6582745.005576,0 155651.484571,6582753.605576,0 155641.96457,6582788.965577,0 155623.58457,6582783.415577,0 155538.324568,6582757.785576,0 155522.184567,6582751.985576,0 155498.624567,6582741.675575,0 155456.304566,6582721.045574,0 155436.664565,6582713.295574,0 155283.064561,6582665.855572,0 155269.984561,6582659.985572,0 155257.75456,6582652.555572,0 155211.204559,6582620.195571,0 155197.114559,6582610.40557,0 155138.664557,6582569.775569,0 155105.994556,6582547.635568,0 155098.294556,6582540.335568,0 155078.014556,6582518.805567,0 155064.744555,6582501.225566,0 155052.714555,6582481.475566,0 155039.274554,6582455.985565,0 155028.304554,6582422.265564,0</coordinates></LinearRing></outerBoundaryIs></Polygon></MultiGeometry></Placemark><Placemark><name>Taxa 3 – 20 kr/tim vardagar 7-19, 15 kr/tim dag före helgdag 11-17,</name><description>20 kr/tim vardagar 7-19, 15 kr/tim dag före helgdag 11-17, Boende: 1100 kr/månad eller 75 kr/dygn</description><styleUrl>#z3</styleUrl><MultiGeometry><Polygon><outerBoundaryIs><LinearRing><coordinates>154407.489046,6579750.292514,0 154393.451155,6579705.364921,0 154409.619166,6579749.243446,0 154407.489046,6579750.292514,0</coordinates></LinearRing></outerBoundaryIs></Polygon><Polygon><outerBoundaryIs><LinearRing><coordinates>154319.15,6575896.33,0 154326.57,6575874.59,0 154499.5,6575931.57,0 154533.72,6575832.48,0 154553.18,6575838.29,0 154542.34,6575869.64,0 154581.67,6575882.64,0 154563.83,6575957.6,0 154591.88,6575968.32,0 154671.18,6575992.17,0 154699.21,6576000.46,0 154718.34,6575954.97,0 154740.96,6575922.55,0 154753.39,6575916.86,0 154766.75,6575914.66,0 154900.52,6575922.12,0 154948.26,6575928.22,0 154914.52,6576035.2,0 154917.2,6576044.46,0 155044.58,6576106.9,0 155170.45,6576141.71,0 155216.07,6576148.74,0 155746.17,6576171.42,0 155805.75,6576179.22,0 155969.64,6576184.98,0 156017.4,6576179.27,0 156268.28,6576308.84,0 156293.3,6576320.98,0 156301.54,6576312.21,0 156379.24,6576359.66,0 156388.02,6576417.21,0 156422.37,6576449.26,0 156435.32,6576461.8,0 156448.54,6576475.38,0 156461.44,6576489.27,0 156474,6576503.47,0 156486.23,6576517.96,0 156493.82,6576527.32,0 156498.1,6576532.74,0 156501.99,6576538.49,0 156504.96,6576544.6,0 156507.08,6576551.06,0 156509.45,6576564.24,0 156510.19,6576571.64,0 156509.72,6576575.63,0 156507.85,6576581.09,0 156504.88,6576585.97,0 156500.87,6576590.01,0 156494.58,6576595.06,0 156488.47,6576600.48,0 156482.94,6576606.49,0 156478.05,6576613.04,0 156473.85,6576620.04,0 156470.37,6576627.43,0 156467.65,6576635.13,0 156465.73,6576643.07,0 156465.19,6576645.23,0 156460.86,6576659.35,0 156460.47,6576660.91,0 156459.69,6576665.31,0 156457.28,6576680.84,0 156457.06,6576703.06,0 156454.37,6576729.68,0 156450.66,6576766.25,0 156435.33,6576768.82,0 156435.8,6576823.47,0 156416.6,6577014.42,0 156415.84,6577021.96,0 156415.65,6577023.82,0 156413.97,6577040.6,0 156413.23,6577047.93,0 156415.41,6577069.15,0 156417.45,6577088.89,0 156441.58,6577087.26,0 156440.1,6577089.01,0 156433.52,6577096.73,0 156437.24,6577098.62,0 156386.75,6577163.55,0 156326.49,6577241.05,0 156235.83,6577357.63,0 156230.44,6577355.01,0 156210.92,6577359.38,0 156198.29,6577365.12,0 156192.97,6577367.27,0 156190.14,6577368.41,0 156167.85,6577396.26,0 156133.98,6577438.56,0 156127.56,6577472.6,0 156131.28,6577482.95,0 156136.91,6577498.86,0 156059.85,6577571.01,0 156058.84,6577571.96,0 156032.13,6577596.96,0 156022.56,6577605.92,0 156023.32,6577606.35,0 156014.58,6577613.15,0 156002.79,6577621.53,0 155996.03,6577627.27,0 155962.66,6577592.89,0 155930.51,6577550.98,0 155897.22,6577503.9,0 155871.38,6577457.4,0 155854.2,6577419.55,0 155860.52,6577404.05,0 155867.41,6577394.86,0 155844.16,6577326.26,0 155857.36,6577321.66,0 155848.18,6577294.11,0 155834.97,6577298.99,0 155779.28,6577141.4,0 155801.96,6577133.07,0 155815.48,6577143.02,0 155885.49,6577117,0 155861.09,6577045.52,0 155843.87,6577043.8,0 155833.82,6577013.94,0 155872.86,6576999.59,0 155873.72,6577002.17,0 156009.21,6576949.07,0 156040.5,6576996.72,0 156058.87,6576980.93,0 156057.15,6576974.33,0 156048.83,6576972.61,0 156045.96,6576961.41,0 156051.41,6576953.38,0 156047.1,6576939.02,0 156063.18,6576939.31,0 156064.61,6576926.39,0 156097.91,6576930.99,0 156101.93,6576899.7,0 156064.9,6576893.96,0 156064.61,6576834.25,0 156101.36,6576827.65,0 156101.36,6576818.46,0 156073.23,6576822.48,0 156070.07,6576803.82,0 156033.32,6576809.85,0 155997.16,6576827.93,0 155945.77,6576836.55,0 155868.56,6576804.68,0 155837.55,6576778.56,0 155833.82,6576768.51,0 155836.98,6576752.15,0 155825.79,6576724.31,0 155828.66,6576698.76,0 155814.3,6576683.26,0 155845.59,6576661.73,0 155868.27,6576641.35,0 155880.61,6576638.19,0 155884.34,6576631.3,0 155923.38,6576605.18,0 155931.71,6576598.29,0 155959.84,6576585.66,0 155978.21,6576570.45,0 155988.83,6576563.85,0 155962.1,6576523.12,0 155936.87,6576539.45,0 155935.15,6576536.86,0 155655.85,6576722.3,0 155647.53,6576721.72,0 155636.9,6576722.87,0 155628.58,6576731.77,0 155623.7,6576742.68,0 155610.21,6576755.88,0 155604.18,6576759.62,0 155598.15,6576769.66,0 155587.24,6576777.99,0 155568.59,6576786.31,0 155558.83,6576788.61,0 155553.09,6576784.3,0 155545.91,6576789.47,0 155535,6576794.92,0 155522.94,6576795.21,0 155513.76,6576792.91,0 155491.37,6576806.69,0 155472.71,6576814.73,0 155460.65,6576817.03,0 155450.61,6576830.52,0 155400.95,6576806.98,0 155402.1,6576802.39,0 155316.27,6576762.77,0 155313.4,6576766.5,0 154891.43,6576571.02,0 154887.12,6576560.11,0 154810.77,6576525.38,0 154802.15,6576529.11,0 154607.53,6576437.54,0 154550.07,6576417.53,0 154457.33,6576387.2,0 154597.7,6576190.08,0 154621.35,6576028.53,0 154546.09,6576015.25,0 154494.63,6576008.81,0 154488.72,6575973.47,0 154489.62,6575952.48,0 154319.15,6575896.33,0</coordinates></LinearRing></outerBoundaryIs></Polygon><Polygon><outerBoundaryIs><LinearRing><coordinates>152165.954477,6580700.2555,0 152164.974477,6580675.8955,0 152216.784479,6580560.715496,0 152226.194479,6580557.265496,0 152232.274479,6580559.295496,0 152924.164497,6580886.845508,0 152645.94449,6580844.775506,0 152214.454479,6580811.755504,0 152208.384479,6580806.855504,0 152165.954477,6580700.2555,0</coordinates></LinearRing></outerBoundaryIs></Polygon><Polygon><outerBoundaryIs><LinearRing><coordinates>152141.174477,6580627.265498,0 152110.524476,6580527.355495,0 152141.714477,6580517.795494,0 152149.504477,6580520.465494,0 152168.204477,6580528.195495,0 152197.794478,6580542.265495,0 152159.594477,6580628.435498,0 152141.174477,6580627.265498,0</coordinates></LinearRing></outerBoundaryIs></Polygon><Polygon><outerBoundaryIs><LinearRing><coordinates>152108.404476,6580803.555504,0 152133.854477,6580746.015502,0 152142.374477,6580731.935502,0 152146.654477,6580730.175501,0 152149.164477,6580736.215502,0 152152.554477,6580746.365502,0 152159.904477,6580764.725503,0 152156.204477,6580766.245503,0 152167.324478,6580794.095504,0 152171.944478,6580796.335504,0 152166.404478,6580808.045504,0 152108.404476,6580803.555504,0</coordinates></LinearRing></outerBoundaryIs></Polygon><Polygon><outerBoundaryIs><LinearRing><coordinates>152024.334473,6580314.985487,0 151998.46,6580251.66,0 152057.86,6580232.4,0 152075.59,6580215.4,0 152102.89,6580206,0 152112.11,6580206.54,0 152152.8,6580190.99,0 152158.23,6580185.56,0 152171.43,6580181.58,0 152180.29,6580182.49,0 152211.57,6580173.09,0 152289.87,6580155.91,0 152298.37,6580157.17,0 152377.03,6580141.62,0 152424.59,6580129.69,0 152656.18495,6580042.008724,0 152642.062374,6580005.290032,0 152632.572312,6579975.315389,0 152658.38383,6580046.297065,0 152663.941862,6580059.265805,0 152685.062381,6580102.61845,0 152701.36594,6580126.703253,0 152717.669498,6580144.118418,0 152731.490637,6580155.722989,0 152766.641372,6580178.652014,0 152837.270417,6580214.535331,0 152864.298635,6580224.314556,0 153024.433139,6580307.107329,0 153002.168238,6580350.457948,0 153143.963372,6580423.814173,0 153166.152723,6580380.355402,0 153304.255436,6580451.664784,0 153307.504036,6580445.319624,0 153340.046457,6580461.947985,0 153336.747627,6580468.446105,0 153383.216368,6580492.435636,0 153373.684508,6580512.205496,0 153287.694506,6580690.555502,0 153151.824503,6580972.245511,0 152970.804499,6580884.395508,0 152616.884489,6580712.605502,0 152318.594481,6580569.065496,0 152269.55448,6580544.545495,0 152209.914478,6580515.525494,0 152139.054476,6580481.235493,0 152132.004476,6580478.955493,0 152120.974476,6580477.475493,0 152111.054476,6580477.275493,0 152103.464475,6580478.125493,0 152095.364475,6580479.935493,0 152091.664475,6580478.305493,0 152084.514475,6580460.755492,0 152024.334473,6580314.985487,0</coordinates></LinearRing></outerBoundaryIs></Polygon><Polygon><outerBoundaryIs><LinearRing><coordinates>151967.394471,6580177.085482,0 151868.254468,6579936.935474,0 152570.369387,6579757.160789,0 152612.530071,6579917.952857,0 152625.776713,6579956.627492,0 152630.031647,6579968.328561,0 152616.78,6579981.13,0 152587.85,6579994.15,0 152551.32,6580007.17,0 152524.92,6580030.67,0 152486.94,6580052.74,0 152366.87,6580100.48,0 152274.65,6580126.88,0 152252.59,6580129.41,0 152233.42,6580127.6,0 152193.27,6580136.64,0 152134.46,6580155.29,0 152121.69,6580157.15,0 152118.53,6580159.31,0 152108.91,6580161.6,0 152098.87,6580160.45,0 151977.44,6580200.79,0 151967.394471,6580177.085482,0</coordinates></LinearRing></outerBoundaryIs></Polygon><Polygon><outerBoundaryIs><LinearRing><coordinates>151478.31,6578089.65,0 151475.81,6578079.17,0 151485.6,6578024.72,0 151491.53,6578018.11,0 151492.67,6578005.58,0 151491.3,6577990.32,0 151497.22,6577969.13,0 151508.84,6577906.02,0 151518.64,6577877.08,0 151686.78,6577780.48,0 151702.96,6577766.35,0 151723.46,6577758.84,0 151802.75,6577709.4,0 151851.28,6577672.26,0 151885.22,6577660.18,0 151904.59,6577634.89,0 151869.05,6577578.16,0 151890.69,6577562.22,0 151937.17,6577619.4,0 151944.92,6577622.36,0 151979.78,6577601.86,0 151990.48,6577590.47,0 152014.63,6577571.33,0 152032.63,6577558.57,0 152082.98,6577505.71,0 152133.11,6577456.96,0 152131.97,6577449.44,0 152132.42,6577441.46,0 152141.99,6577425.97,0 152159.76,6577420.05,0 152170.02,6577420.73,0 152288.04,6577329.37,0 152297.15,6577319.57,0 152341.58,6577292.69,0 152367.32,6577270.13,0 152368,6577262.84,0 152389.65,6577250.08,0 152393.52,6577254.41,0 152423.6,6577236.19,0 152430.2,6577227.76,0 152445.01,6577227.53,0 152479.42,6577212.72,0 152501.29,6577200.87,0 152524.3,6577200.19,0 152535.92,6577190.62,0 152562.58,6577174.21,0 152576.7,6577159.86,0 152595.16,6577147.79,0 152644.37,6577111.79,0 152662.82,6577099.26,0 152681.05,6577093.11,0 152690.62,6577094.7,0 152712.26,6577082.4,0 152730.72,6577075.79,0 152765.35,6577070.55,0 152771.73,6577066.22,0 152789.27,6577059.84,0 152804.53,6577050.96,0 152826.63,6577041.39,0 152843.27,6577032.96,0 152853.29,6577033.41,0 152871.75,6577030.45,0 152899.31,6577010.63,0 152926.65,6576997.42,0 152975.87,6576967.8,0 153020.07,6576953.44,0 153130.57,6576911.98,0 153332.88,6576831.32,0 153340.17,6576825.4,0 153349.06,6576815.6,0 153435.18,6576762.29,0 153483.48,6576724.01,0 153499.66,6576716.95,0 153542.72,6576678.22,0 153641.6,6576647.23,0 153672.13,6576642.68,0 153765.99,6576636.53,0 153768.96,6576632.42,0 153805.41,6576622.17,0 153845.74,6576616.7,0 153847.33,6576608.27,0 153863.05,6576589.36,0 153852.57,6576557.92,0 153859.41,6576552,0 153893.35,6576552,0 153917.73,6576536.05,0 153997.02,6576502.79,0 154020.48,6576495.72,0 154103.19,6576475.68,0 154150.12,6576481.83,0 154158.55,6576506.89,0 154163.56,6576537.87,0 154213.92,6576572.28,0 154255.38,6576564.53,0 154322.82,6576469.3,0 154320.54,6576465.88,0 154313.02,6576463.83,0 154322.14,6576449.47,0 154333.07,6576451.3,0 154411.45,6576453.35,0 154417.14,6576443.09,0 154555.67,6576486.84,0 154577.08,6576500.05,0 154570.93,6576520.1,0 154603.28,6576528.76,0 154593.72,6576565.9,0 154859.14,6576638.58,0 155485.23,6576931.12,0 155624.21,6577056.2,0 155770.02,6577399.31,0 155783.92,6577425.06,0 155801.24,6577448.98,0 155929.05,6577606.19,0 155937.94,6577607.55,0 155969.61,6577644.69,0 155973.93,6577653.58,0 156104.03,6577799.62,0 156082.38,6577821.04,0 156083.52,6577869.34,0 156062.33,6577877.99,0 156060.74,6577885.28,0 155657.02,6577890.98,0 155646.08,6577896.22,0 155640.16,6577885.74,0 155605.07,6577889.16,0 155601.88,6577892.12,0 155457.21,6577949.99,0 155465.64,6577971.18,0 155439.44,6577987.81,0 155425.77,6577992.59,0 155415.06,6577967.53,0 155271.52,6578022.67,0 155199.53,6578047.96,0 155150.54,6578060.94,0 155084.47,6578074.84,0 154793.53,6578127.7,0 154751.83,6578137.72,0 154550.88,6578213.82,0 154266.09,6578340.95,0 154239.43,6578373.99,0 154233.74,6578378.77,0 154210.04,6578369.43,0 154205.03,6578371.94,0 154194.09,6578397.68,0 154194.78,6578411.13,0 154199.79,6578425.93,0 154212.21,6578444.44,0 154091.91,6578496.84,0 154078.58,6578462.84,0 154071.98,6578462.62,0 154023.22,6578483.12,0 153915.68,6578444.62,0 153895.86,6578441.88,0 153888.8,6578454.41,0 153842.09,6578446.44,0 153843.46,6578440.06,0 153817.48,6578440.74,0 153568.69,6578468.08,0 153522.9,6578470.13,0 152947.61,6578465.35,0 152884.28,6578462.84,0 152844.18,6578458.29,0 152728.21,6578441.2,0 152727.3,6578438.47,0 152693.58,6578433.45,0 152646.42,6578428.67,0 152372.33,6578387.66,0 152371.19,6578383.1,0 152337.02,6578380.37,0 152264.34,6578366.01,0 152252.04,6578360.77,0 152222.65,6578357.58,0 152219.46,6578358.27,0 152217.86,6578364.19,0 152210.57,6578366.7,0 152204.19,6578366.01,0 152193.94,6578349.84,0 152177.99,6578344.83,0 152045.85,6578322.04,0 152021.47,6578322.73,0 152016,6578320.22,0 152004.84,6578323.86,0 151986.15,6578326.6,0 151977.27,6578326.37,0 151946.51,6578313.84,0 151941.73,6578311.56,0 151926.92,6578310.65,0 151918.26,6578304.27,0 151870.87,6578293.11,0 151826.67,6578280.12,0 151776.32,6578264.86,0 151764.24,6578264.17,0 151756.73,6578262.81,0 151748.75,6578262.12,0 151738.73,6578257.79,0 151686.1,6578243.21,0 151674.48,6578243.21,0 151637.34,6578232.5,0 151626.18,6578232.5,0 151617.52,6578229.54,0 151603.17,6578228.63,0 151594.51,6578217.92,0 151585.85,6578213.82,0 151537.09,6578179.87,0 151528.44,6578174.18,0 151521.37,6578164.15,0 151502.24,6578150.94,0 151478.31,6578089.65,0</coordinates></LinearRing></outerBoundaryIs><innerBoundaryIs><LinearRing><coordinates>151984.094468,6577786.715402,0 151958.724467,6577811.865403,0 152310.894476,6577898.435406,0 152332.794477,6577909.995407,0 152630.124485,6577983.03541,0 152660.194485,6577984.43541,0 152853.25449,6578031.685412,0 152899.664492,6578043.805412,0 153124.234497,6578099.105415,0 154003.75452,6578314.095423,0 154009.284521,6578290.965423,0 153713.584513,6578218.30542,0 153604.22451,6578191.435419,0 153526.554508,6578172.355418,0 153407.104505,6578143.015417,0 153151.414498,6578080.155414,0 153345.544502,6577307.075388,0 153325.244501,6577305.665388,0 153133.944498,6578075.905414,0 152905.874492,6578019.895412,0 152859.244491,6578008.435411,0 152467.37448,6577912.185407,0 152428.844479,6577896.515407,0 152124.244471,6577821.695403,0 152106.774471,6577817.405403,0 152011.804468,6577794.075402,0 151984.094468,6577786.715402,0</coordinates></LinearRing></innerBoundaryIs><innerBoundaryIs><LinearRing><coordinates>154127.284523,6577829.765407,0 154123.674523,6577843.235408,0 154136.854523,6577842.155408,0 154151.414523,6577845.835408,0 154179.054524,6577744.595405,0 154183.174524,6577734.885404,0 154195.044524,6577688.845403,0 154761.164539,6577830.005408,0 154749.604539,6577878.02541,0 154743.184539,6577887.56541,0 154707.714538,6578035.395415,0 154725.614538,6578043.335416,0 154778.824539,6577832.955409,0 154886.374542,6577836.105409,0 154912.874543,6577843.495409,0 155114.344548,6577848.72541,0 155250.954552,6577838.97541,0 155335.474554,6577820.915409,0 155358.484554,6577818.835409,0 155394.534555,6577817.295409,0 155389.594555,6577788.835408,0 155368.924555,6577790.455408,0 155239.324551,6577817.455409,0 155210.394551,6577821.555409,0 154784.66454,6577809.255408,0 154922.764542,6577235.515389,0 154906.684542,6577225.505388,0 154889.714541,6577296.035391,0 154829.42454,6577546.425399,0 154773.564539,6577778.385407,0 154766.214539,6577807.035408,0 154749.334539,6577803.075407,0 154194.984524,6577664.095402,0 154369.714527,6576983.885379,0 154337.744527,6576975.835379,0 154303.284526,6577109.865383,0 154266.604525,6577252.735388,0 154198.774524,6577516.705397,0 154201.244524,6577542.865398,0 154152.954523,6577726.805404,0 154127.284523,6577829.765407,0</coordinates></LinearRing></innerBoundaryIs></Polygon><Polygon><outerBoundaryIs><LinearRing><coordinates>151427.51,6580531.62,0 151427.67,6580526.66,0 151444.99,6580521.19,0 151480.99,6580505.7,0 151504.68,6580494.77,0 151522.45,6580482.46,0 151533.39,6580480.64,0 151542.5,6580463.78,0 151565.29,6580452.84,0 151571.21,6580441.45,0 151589.89,6580432.79,0 151616.78,6580428.24,0 151650.5,6580409.56,0 151679.2,6580400.44,0 151718.39,6580380.85,0 151765.78,6580357.15,0 151770.34,6580347.13,0 151807.7,6580333.92,0 151833.22,6580328.45,0 151959.44,6580267.84,0 151975.77,6580260.79,0 152002.144473,6580324.145488,0 152062.314474,6580469.915493,0 152081.124475,6580533.755495,0 152126.104476,6580680.4755,0 152128.474477,6580698.3655,0 152082.774476,6580801.675504,0 152055.954475,6580862.225506,0 152007.624474,6580971.215509,0 151979.294473,6581035.105511,0 151943.614473,6581115.555514,0 151938.404472,6581125.875514,0 151929.004472,6581145.085515,0 151914.394472,6581168.975516,0 151941.584473,6581186.185517,0 151960.164473,6581139.185515,0 151965.574473,6581125.295515,0 152012.994474,6581018.325511,0 152025.254474,6580990.67551,0 152090.134476,6580844.345505,0 152151.894477,6580849.085505,0 152231.654479,6580855.215506,0 152279.644481,6580858.795506,0 152302.514481,6580860.615506,0 152956.334498,6580910.715509,0 153125.284503,6580992.715512,0 153168.474504,6581013.675513,0 153773.69452,6581307.435524,0 153801.864521,6581287.755523,0 153580.124515,6581180.205519,0 153181.484504,6580986.655512,0 153412.53,6580507.59,0 153727.53673,6580669.38539,0 153727.582795,6580669.275987,0 153759.905883,6580685.874661,0 153773.997367,6580658.147949,0 153807.334417,6580650.083684,0 153840.490476,6580646.021518,0 153897.47059,6580664.575736,0 153911.33136,6580670.559197,0 153968.654562,6580704.456327,0 153982.927038,6580739.808151,0 154016.606081,6580737.213317,0 154041.137527,6580746.973139,0 154339.05097,6580628.358038,0 154390.12,6580753.72,0 154390.231917,6580753.987706,0 154406.18,6580771.36,0 154470.13,6580928.25,0 154487.12,6580922.75,0 154363.423965,6580619.269964,0 155069.34801,6580337.588155,0 155085.658344,6580368.142554,0 155135.600499,6580372.363017,0 155186.949475,6580343.523182,0 155207.348383,6580311.869704,0 155197.500634,6580266.148013,0 155171.474441,6580229.57066,0 155336.785377,6579660.801876,0 155345.4651,6579587.898,0 155315.8609,6579586.490605,0 155319.43,6579584.41,0 155344.38,6579585.13,0 155360.66,6579592.73,0 155430.35,6579595.44,0 155432.94,6579598.84,0 155452.52,6579599.24,0 155480.01,6579590.56,0 155510.087497,6579585.527333,0 155534.646438,6579584.735109,0 155561.582051,6579581.566213,0 155594.063231,6579552.253928,0 155660.610039,6579540.37057,0 155685.168981,6579527.694987,0 155711.31237,6579538.786122,0 155730.325743,6579548.292809,0 155738.247982,6579576.020646,0 155739.83243,6579596.618467,0 155765.975819,6579601.371811,0 155869.757151,6579610.878498,0 155899.069436,6579608.501826,0 155914.12169,6579633.060767,0 155945.810646,6579656.827484,0 155963.239572,6579659.99638,0 155987.798514,6579675.048634,0 155990.175185,6579685.347545,0 156013.941902,6579706.737591,0 156056.721994,6579716.244277,0 156162.186801,6579788.138597,0 156192.192282,6579815.272266,0 156144.658847,6580021.250482,0 156099.601113,6580111.365952,0 156032.962255,6580195.15259,0 155910.806712,6580306.063392,0 155895.011649,6580320.404478,0 155858.765044,6580351.409796,0 155884.78,6580410.29,0 155905.96,6580449.18,0 155919.32,6580462.2,0 155940.92,6580473.5,0 155965.23,6580481.54,0 155995.11,6580487.72,0 156015.2,6580489.82,0 156343.36,6580502.35,0 156377.23,6580503.99,0 156497.73,6580500.51,0 156538.82,6580503.11,0 156610.96,6580499.24,0 158146.37,6580285.7,0 158135.75,6580288,0 158127.42,6580305.22,0 158127.71,6580327.32,0 158132.87,6580331.63,0 158126.85,6580362.06,0 158085.22,6580395.64,0 158069.72,6580392.2,0 158056.23,6580393.92,0 158030.11,6580413.72,0 158022.36,6580412.29,0 158012.31,6580420.33,0 158006.28,6580438.41,0 157995.66,6580453.91,0 157819.13,6580689.58,0 157813.96,6580707.95,0 157428.16,6580920.95,0 157408.64,6580925.83,0 157386.82,6580920.66,0 157352.09,6580904.3,0 157320.23,6580885.64,0 157288.65,6580855.5,0 157277.17,6580876.74,0 157245.59,6580901.43,0 156831.66,6580692.17,0 156786.31,6580783.16,0 157457.73,6581133.08,0 157456.86,6581150.02,0 157474.66,6581161.5,0 157492.75,6581195.66,0 157484.13,6581210.01,0 157371.9,6581281.49,0 157306.45,6581316.79,0 157279.75,6581327.99,0 157234.4,6581327.41,0 157165.51,6581295.84,0 157149.43,6581292.97,0 157096.9,6581265.12,0 157067.91,6581252.78,0 157061.31,6581233.55,0 157060.73,6581222.07,0 157071.07,6581181.88,0 157089.44,6581143.7,0 156720.29,6580955.68,0 156674.65,6581215.18,0 156686.7,6581217.76,0 156679.24,6581264.26,0 156666.32,6581261.97,0 156658.86,6581303.59,0 156525.95,6581596.67,0 156153.36,6581615.33,0 156165.41,6581735.03,0 156455.05,6581720.1,0 156456.49,6581739.62,0 156520.5,6581737.33,0 156598.29,6581756.56,0 156628.72,6581761.15,0 156638.19,6581769.76,0 156641.06,6581783.54,0 156608.34,6581825.45,0 156481.46,6581831.48,0 156461.94,6581846.98,0 156462.23,6581861.62,0 156312.67,6581869.37,0 156263.87,6582148.67,0 156248.66,6582178.81,0 156276.79,6582193.74,0 156239.47,6582274.69,0 156209.05,6582260.62,0 156140.73,6582407.59,0 156163.4,6582419.08,0 156112.31,6582528.16,0 156087.91,6582518.11,0 156082.46,6582531.89,0 156077,6582532.17,0 156055.76,6582592.74,0 155991.22,6582661.94,0 155981.2,6582660.79,0 155957.87,6582639.53,0 155938.64,6582664.79,0 155924.29,6582675.7,0 155929.17,6582694.93,0 155917.4,6582702.68,0 155779.61,6582709.29,0 155780.19,6582713.02,0 155696.94,6582717.9,0 155672.26,6582735.12,0 155663.93,6582761.53,0 155669.1,6582763.54,0 155628.05,6582902.19,0 155614.85,6582900.18,0 155595.61,6582919.98,0 155414.77,6582865.16,0 155396.97,6582863.15,0 155374.87,6582853.1,0 155266.36,6582820.66,0 154943.14,6582636.95,0 154868.51,6582541.78,0 154795.08,6582455.38,0 154754.65,6582407.81,0 154834.14,6582318.41,0 154834.86,6582318.59,0 154858.4,6582292.04,0 154866.25,6582283.19,0 154860.76,6582260.06,0 154859.2,6582256.51,0 154865.83,6582250.11,0 154872.02,6582243.48,0 154877.11,6582235.08,0 154881.98,6582222.04,0 154882.88,6582218.77,0 154884.01,6582214.69,0 154890.27,6582192.01,0 154891.43,6582184.77,0 154892.3,6582179.41,0 154895.98,6582156.07,0 154899.53,6582140.5,0 154899.72,6582139.63,0 154901.77,6582130.54,0 154903.98,6582120.68,0 154909.124551,6582131.625554,0 154915.434551,6582168.735555,0 154923.844551,6582190.665556,0 154959.224552,6582261.275558,0 154973.304552,6582286.305559,0 155016.434554,6582374.235562,0 155024.524554,6582404.525563,0 155028.304554,6582422.265564,0 155039.274554,6582455.985565,0 155052.714555,6582481.475566,0 155064.744555,6582501.225566,0 155078.014556,6582518.805567,0 155098.294556,6582540.335568,0 155105.994556,6582547.635568,0 155138.664557,6582569.775569,0 155197.114559,6582610.40557,0 155211.204559,6582620.195571,0 155257.75456,6582652.555572,0 155269.984561,6582659.985572,0 155283.064561,6582665.855572,0 155436.664565,6582713.295574,0 155456.304566,6582721.045574,0 155498.624567,6582741.675575,0 155522.184567,6582751.985576,0 155538.324568,6582757.785576,0 155623.58457,6582783.415577,0 155641.96457,6582788.965577,0 155651.484571,6582753.605576,0 155653.284571,6582745.005576,0 155654.264571,6582710.995574,0 155654.874571,6582702.365574,0 155667.794571,6582656.115573,0 155684.184571,6582615.735571,0 155690.314571,6582611.365571,0 155772.344573,6582605.985571,0 155778.084574,6582602.945571,0 155779.714574,6582597.275571,0 155780.354574,6582576.44557,0 155784.344574,6582555.875569,0 155789.454574,6582543.795569,0 155768.364573,6582544.725569,0 155771.244573,6582549.765569,0 155766.684573,6582588.45557,0 155763.004573,6582592.855571,0 155758.204573,6582595.335571,0 155690.874571,6582599.985571,0 155680.734571,6582601.935571,0 155672.064571,6582619.575571,0 155666.514571,6582629.115572,0 155654.924571,6582658.235573,0 155646.06457,6582689.355574,0 155643.24457,6582704.005574,0 155642.19457,6582723.565575,0 155641.41457,6582731.105575,0 155638.74457,6582742.735575,0 155635.45457,6582751.235576,0 155627.54457,6582759.875576,0 155620.15457,6582762.855576,0 155609.28457,6582762.385576,0 155551.104568,6582744.975575,0 155520.474567,6582733.975575,0 155463.334566,6582706.625574,0 155441.374565,6582697.955574,0 155401.154564,6582685.605573,0 155288.394561,6582650.735572,0 155276.824561,6582645.845572,0 155127.554557,6582542.675568,0 155097.094556,6582510.555567,0 155084.564556,6582494.645566,0 155070.074555,6582471.875565,0 155066.214555,6582464.565565,0 155047.184555,6582414.575563,0 155036.544554,6582373.395562,0 154986.234553,6582273.135558,0 154960.424552,6582219.975557,0 154940.984551,6582171.985555,0 154935.354551,6582154.505554,0 154928.244551,6582128.235554,0 154922.624551,6582101.595553,0 154916.624551,6582056.565551,0 154915.06455,6582029.19555,0 154908.73455,6582011.79555,0 154889.13,6582010.65,0 154879.4,6581996.64,0 154876.8,6581993.6,0 154874.61,6581991.65,0 154873.26,6581990.46,0 154870.2,6581988.49,0 154867.05,6581987.28,0 154852.06,6581981.29,0 154847.89,6581979.17,0 154841.6,6581976.02,0 154836.99,6581973.45,0 154833.23,6581971.08,0 154830.65,6581969.41,0 154828.23,6581967.43,0 154824.97,6581964.68,0 154822.83,6581962.81,0 154819.41,6581959.02,0 154817.05,6581955.77,0 154815.89,6581952.75,0 154814.53,6581946.89,0 154811.99,6581935.97,0 154810.31,6581930.55,0 154806.5,6581918.23,0 154850.19,6581907.54,0 154876.59,6581899.64,0 154909.13,6581887.82,0 154927.58,6581882.19,0 154945.57,6581873.99,0 154962.24,6581865.05,0 154979.84,6581854.37,0 154995.68,6581843.38,0 155011.77,6581830.87,0 155025.18,6581818.7,0 155033.23,6581810.84,0 155040.11,6581802.35,0 155047.55,6581791.57,0 155051.43,6581783.07,0 155058.91,6581769.25,0 155068.74,6581752.54,0 155076.62,6581739.45,0 155083.3,6581729.31,0 155088.05,6581722.71,0 155092.38,6581717.18,0 155099.77,6581708.87,0 155110.58,6581697.65,0 155124.01,6581683.98,0 155130.14,6581678.64,0 155136.98,6581672.52,0 155153.58,6581655.7,0 155174.73,6581630.9,0 155178.15,6581626.98,0 155181.24,6581623.01,0 155185.6,6581617.23,0 155190.05,6581611.04,0 155195.54,6581603.23,0 155202.63,6581593.32,0 155209.01,6581584.42,0 155215.33,6581575.61,0 155221.55,6581566.74,0 155226.2,6581560.2,0 155257.18,6581516.78,0 155247.6,6581510.68,0 155105.83,6581438.07,0 155086.88,6581421.02,0 154949.17,6581344.19,0 154937.27,6581340.01,0 154917.74,6581329.05,0 154913.78,6581325.26,0 154900.77,6581317.09,0 154888.33,6581315.03,0 154804,6581267.72,0 154767.04,6581251.63,0 154745.19,6581240,0 154706.41,6581224.94,0 154628.44,6581174.14,0 154567.21,6581127.34,0 154525.2,6581060.99,0 154513.29,6581036.06,0 154503.6,6581013.56,0 154489.5,6581002.57,0 154471.93,6581002.49,0 154363.32,6581054.93,0 154103.42,6581183.13,0 154089.68,6581196.15,0 154033.26,6581259.8,0 153921.87,6581356.72,0 153774.31,6581511.51,0 153722.23,6581624.35,0 153680.28,6581816.75,0 153638.33,6581876.06,0 153516.81,6581968.65,0 153353.34,6582104.63,0 153038.92,6582217.65,0 153041.19,6582205.8,0 152999.73,6582116.94,0 152961.45,6582096.89,0 152923.18,6582116.94,0 152900.39,6582134.26,0 152862.57,6582121.96,0 152823.84,6582116.94,0 152811.99,6582120.13,0 152793.77,6582164.79,0 152777.82,6582188.03,0 152748.2,6582205.8,0 152745.01,6582255.92,0 152729.06,6582260.94,0 152711.75,6582255.47,0 152679.85,6582233.14,0 152665.72,6582209.9,0 152668.91,6582200.79,0 152666.63,6582166.61,0 152657.07,6582131.98,0 152649.32,6582096.89,0 152647.95,6582068.19,0 152651.14,6582029.91,0 152650.69,6581987.99,0 152647.5,6581972.5,0 152632.46,6581955.18,0 152612.87,6581943.33,0 152597.37,6581938.78,0 152577.32,6581919.18,0 152567.3,6581910.07,0 152556.36,6581902.78,0 152556.94,6581891.72,0 152539.19,6581833.4,0 152532.790656,6581820.273512,0 152513.770511,6581781.258934,0 152463.02012,6581679.55952,0 152439.85884,6581666.77567,0 152438.22066,6581665.87727,0 152382.19965,6581779.79761,0 152349.72366,6581760.06773,0 152326.34608,6581752.1758,0 152320.703,6581751.261,0 152306.06512,6581750.66633,0 152328.1572,6581762.86152,0 152315.85215,6581785.16374,0 152300.739091,6581776.819135,0 152013.09195,6581617.99611,0 152025.36444,6581595.772,0 151919.7909,6581537.4937,0 151933.160751,6581510.368661,0 151916.602562,6581501.511955,0 151900.429447,6581492.270175,0 151858.8113,6581467.9056,0 151856.951,6581466.8732,0 151841.74637,6581496.07249,0 151831.0651,6581490.1463,0 151829.1581,6581491.0603,0 151827.89155,6581491.36339,0 151750.251841,6581448.301984,0 151726.5051,6581435.1313,0 151724.8701,6581433.9313,0 151723.5891,6581432.3593,0 151722.7451,6581430.5153,0 151722.3911,6581428.5193,0 151722.45791,6581427.67498,0 151722.49918,6581426.52455,0 151723.2141,6581424.5813,0 151724.3381,6581422.8933,0 151725.4041,6581421.8403,0 151727.7381,6581419.6983,0 151733.2131,6581414.8223,0 151741.27238,6581407.54108,0 151746.7791,6581402.2473,0 151749.6111,6581399.4223,0 151754.8211,6581394.0283,0 151765.3669,6581383.0358,0 151764.7511,6581382.41561,0 151745.56443,6581363.091,0 151742.38157,6581359.88576,0 151740.20172,6581357.69036,0 151700.61899,6581315.96414,0 151648.76227,6581252.63569,0 151564.37707,6581134.5459,0 151535.99578,6581098.03263,0 151519.68692,6581080.51857,0 151497.10792,6581061.09538,0 151474.55909,6581047.11599,0 151461.26284,6581040.47149,0 151442.503,6581033.29719,0 151453.36588,6581012.19459,0 151467.62875,6580994.52686,0 151480.31209,6580980.81159,0 151461.2124,6580924.91893,0 151451.45347,6580883.54424,0 151447.51852,6580852.46217,0 151444.27676,6580805.04784,0 151444.3683,6580799.246615,0 151444.45984,6580793.44539,0 151444.74318,6580786.15426,0 151446.02846,6580764.15914,0 151447.4423,6580747.55531,0 151450.7007,6580724.79368,0 151453.5708,6580709.07715,0 151458.01568,6580689.1957,0 151459.793395,6580682.290275,0 151461.57111,6580675.38485,0 151458.95,6580674.83,0 151443.93587,6580672.64469,0 151445.0087,6580662.76899,0 151451.87,6580610.83,0 151443.078185,6580582.242165,0 151427.51,6580531.62,0</coordinates></LinearRing></outerBoundaryIs><innerBoundaryIs><LinearRing><coordinates>155395.31815,6580551.630131,0 155370.54268,6580562.239322,0 155639.317737,6580923.180074,0 155706.963999,6581014.156027,0 155730.91016,6581046.141348,0 155774.189241,6581107.007131,0 155786.520181,6581228.894605,0 155791.106802,6581252.695826,0 155808.962302,6581412.529661,0 155815.645813,6581472.347503,0 155818.806973,6581505.398314,0 155812.058883,6581514.061844,0 155842.997453,6581499.389114,0 155838.096913,6581497.773074,0 155836.816353,6581496.085004,0 155828.048093,6581421.237031,0 155811.356052,6581272.939866,0 155812.253132,6581252.841216,0 155798.053682,6581125.737101,0 155787.511621,6581093.23583,0 155780.784171,6581079.86104,0 155765.729701,6581056.198179,0 155703.155979,6580973.028016,0 155661.612398,6580912.409744,0 155510.007753,6580708.340087,0 155400.87501,6580561.085292,0 155395.31815,6580551.630131,0</coordinates></LinearRing></innerBoundaryIs></Polygon><Polygon><outerBoundaryIs><LinearRing><coordinates>151226.36,6577302.85,0 151095.6,6577229.48,0 151397.23,6577058.23,0 151301.43,6576917.97,0 151253.66,6576836.1,0 151218.26,6576773.12,0 151164.37,6576652.17,0 151118.67,6576545.14,0 151146.4,6576468.42,0 151195.5,6576401.41,0 151240.34,6576397.42,0 151262.44,6576393.81,0 151305.89,6576384.86,0 151339.2,6576374.78,0 151356.39,6576364.6,0 151388.4,6576350.12,0 151478.14,6576277.63,0 151506.1,6576247.46,0 151648.13,6576067.37,0 151943.2,6576325.43,0 152200.36,6576720.49,0 152169.36,6576734.19,0 151933.1,6576839.78,0 151915.01,6576845.61,0 151702.66,6576994.37,0 151727.17,6577030.54,0 151739.42,6577028.21,0 151887.01,6577395.15,0 151865.42,6577411.48,0 151763.92,6577544.49,0 151771.58,6577556.93,0 151638.1,6577419.8,0 151600.97,6577364.74,0 151598.98,6577384.53,0 151592.38,6577395.21,0 151538.94,6577440.63,0 151497.71,6577466.91,0 151479.56,6577471.39,0 151428.76,6577463.21,0 151420.38,6577458.51,0 151415.16,6577450.94,0 151395.13,6577407.26,0 151383.72,6577368.15,0 151355.56,6577353.97,0 151322.35,6577329.82,0 151226.36,6577302.85,0</coordinates></LinearRing></outerBoundaryIs></Polygon><Polygon><outerBoundaryIs><LinearRing><coordinates>150858.75,6578154.88,0 150853.01,6578125.03,0 150862.2,6578114.12,0 150870.24,6578115.27,0 150941.43,6578029.73,0 150982.76,6577996.43,0 151021.23,6577987.82,0 151036.15,6577983.8,0 151068.3,6577979.78,0 151123.99,6577968.3,0 151266.37,6577965.43,0 151268.09,6577959.69,0 151397.84,6577957.39,0 151448.36,6578030.88,0 151477.07,6578152.01,0 151501.18,6578212.87,0 151498.88,6578249.04,0 151493.14,6578259.95,0 151428.84,6578277.17,0 151387.51,6578286.93,0 151206.66,6578308.17,0 151190.59,6578282.34,0 151078.06,6578240.43,0 150993.67,6578215.17,0 150975.3,6578220.91,0 150906.41,6578192.2,0 150858.75,6578154.88,0</coordinates></LinearRing></outerBoundaryIs></Polygon><Polygon><outerBoundaryIs><LinearRing><coordinates>149954.865933,6578976.796999,0 149967.162508,6578812.601555,0 149971.5,6578800.31,0 150029.37,6578738.1,0 150076.38,6578668.66,0 150085.79,6578670.11,0 150132.8,6578709.17,0 150153.06,6578674.45,0 150133.53,6578665.04,0 150098.08,6578663.6,0 150093.02,6578641.9,0 150172.59,6578558.71,0 150410.56,6578570.29,0 150429.37,6578625.98,0 150470.6,6578638.28,0 150503.87,6578656.36,0 150527.74,6578696.15,0 150526.29,6578717.85,0 150548.72,6578717.85,0 150601.52,6578742.44,0 150626.11,6578777.88,0 150623.94,6578830.68,0 150615.99,6578856.72,0 150532.8,6578948.59,0 150447.45,6578972.46,0 150433.71,6578994.16,0 150083.62,6579132.31,0 150038.77,6579058.53,0 150074.94,6579035.39,0 150020.69,6578991.99,0 149983.08,6579013.69,0 149954.865933,6578976.796999,0</coordinates></LinearRing></outerBoundaryIs></Polygon><Polygon><outerBoundaryIs><LinearRing><coordinates>149756.02,6579508.43,0 149758.19,6579476.24,0 149768.32,6579470.82,0 149780.61,6579457.08,0 149790.74,6579453.82,0 149826.54,6579412.95,0 149874.65,6579372.08,0 149962.53,6579327.24,0 149992.91,6579308.43,0 150051.86,6579284.92,0 150055.84,6579275.88,0 150149.87,6579221.27,0 150168.68,6579218.38,0 150229.8,6579176.06,0 150386.4,6579116.03,0 150397.25,6579103.37,0 150454.39,6579060.33,0 150459.46,6579032.48,0 150483.69,6579012.59,0 150550.6,6578988,0 150585.68,6578943.51,0 150623.29,6578933.75,0 150660.9,6578922.54,0 150699.6,6578906.26,0 150878.99,6578883.11,0 150887.3,6578876.6,0 150895.26,6578877.33,0 150907.92,6578870.46,0 150922.02,6578872.26,0 150988.57,6578861.05,0 151001.59,6578862.86,0 151030.89,6578873.35,0 151051.14,6578868.65,0 151065.24,6578871.18,0 151107.2,6578860.33,0 151128.53,6578867.56,0 151164.34,6578892.88,0 151192.91,6578896.86,0 151206.65,6578891.43,0 151217.87,6578880.58,0 151229.08,6578878.05,0 151244.63,6578855.63,0 151230.52,6578849.12,0 151229.08,6578842.61,0 151237.4,6578832.12,0 151252.22,6578814.04,0 151263.07,6578803.91,0 151280.8,6578805.36,0 151290.2,6578818.74,0 151285.5,6578845.5,0 151289.48,6578849.48,0 151308.64,6578842.97,0 151316.6,6578836.46,0 151337.58,6578832.12,0 151352.77,6578836.82,0 151368.68,6578852.74,0 151375.19,6578866.84,0 151378.08,6578927.96,0 151384.23,6578929.05,0 151381.7,6578948.58,0 151376.27,6578955.81,0 151367.59,6578958.7,0 151356.74,6578971.36,0 151341.55,6578977.51,0 151340.47,6578984.02,0 151346.26,6578992.34,0 151360.72,6578999.57,0 151382.42,6579002.46,0 151387.12,6578998.85,0 151394,6578998.12,0 151403.76,6578989.44,0 151417.87,6578995.23,0 151426.18,6578984.02,0 151465.97,6579011.14,0 151456.56,6579037.18,0 151462.71,6579042.25,0 151463.8,6579047.67,0 151497.07,6579076.24,0 151504.67,6579095.77,0 151503.94,6579106.26,0 151519.13,6579125.79,0 151526.37,6579123.98,0 151537.94,6579134.47,0 151535.41,6579141.7,0 151553.49,6579154.72,0 151559.28,6579152.55,0 151561.81,6579158.34,0 151558.55,6579165.57,0 151590.02,6579200.29,0 151603.76,6579225.97,0 151603.76,6579232.12,0 151621.84,6579244.06,0 151625.46,6579242.61,0 151635.95,6579244.42,0 151648.61,6579238.99,0 151656.56,6579231.76,0 151683.33,6579222.36,0 151723.11,6579213.68,0 151730.34,6579205.72,0 151766.51,6579198.85,0 151773.74,6579202.46,0 151815.7,6579184.74,0 151841.01,6579183.66,0 151893.82,6579160.15,0 151936.85,6579163.04,0 151941.56,6579145.32,0 151965.79,6579141.34,0 151974.83,6579146.41,0 151984.59,6579143.51,0 151986.4,6579140.26,0 152043.54,6579116.03,0 152054.39,6579116.75,0 152140.11,6579091.43,0 152152.77,6579084.92,0 152172.3,6579081.67,0 152226.18,6579061.78,0 152238.84,6579052.37,0 152253.31,6579054.18,0 152301.05,6579045.86,0 152307.2,6579041.89,0 152307.2,6579013.68,0 152409.82384,6579012.085127,0 152350.314233,6579014.736545,0 152434.493041,6579318.522699,0 152451.473474,6579331.535106,0 152474.685844,6579412.139873,0 152469.885528,6579432.247086,0 152516.728525,6579597.238531,0 152532.98118,6579614.569957,0 152564.45458,6579734.602948,0 152475.074484,6579757.435469,0 152457.694483,6579761.885469,0 152344.87448,6579790.61547,0 152327.43448,6579795.04547,0 152247.134478,6579815.525471,0 152233.324478,6579819.055471,0 152182.034476,6579832.135471,0 152164.584476,6579836.585471,0 152032.004473,6579870.405472,0 152014.554472,6579874.855472,0 151962.424471,6579888.145473,0 151950.774471,6579891.105473,0 151861.004468,6579913.985473,0 151831.874468,6579921.425474,0 151838.894468,6579944.415474,0 151876.044469,6580034.395478,0 151886.274469,6580043.695478,0 151941.474471,6580177.185482,0 151954.19,6580208.08,0 151841.37,6580244.78,0 151623.29,6580315.3,0 151377,6580410.42,0 151322.39,6580428.14,0 151284.77,6580434.29,0 151251.14,6580433.57,0 151191.1,6580429.95,0 151111.54,6580438.99,0 151103.94,6580446.95,0 151030.52,6580463.22,0 151000.51,6580520.73,0 150900.69,6580555.81,0 150879.35,6580569.19,0 150850.05,6580589.08,0 150748.06,6580617.29,0 150749.87,6580624.89,0 150726,6580630.68,0 150724.92,6580622.72,0 150669.94,6580635.38,0 150639.57,6580639.72,0 150605.57,6580632.85,0 150588.21,6580620.55,0 150573.02,6580626.34,0 150553.49,6580627.78,0 150553.85,6580632.85,0 150520.58,6580641.89,0 150503.58,6580633.57,0 150487.3,6580643.7,0 150471.39,6580646.23,0 150455.48,6580629.59,0 150431.61,6580629.23,0 150415.33,6580619.83,0 150381.7,6580615.85,0 150357.11,6580624.17,0 150340.83,6580605.72,0 150302.86,6580584.74,0 150288.39,6580564.85,0 150272.11,6580555.09,0 150192.55,6580476.24,0 150201.59,6580466.48,0 150084.77,6580376.79,0 150072.48,6580389.45,0 150056.2,6580376.43,0 150067.05,6580362.68,0 149941.92,6580271.18,0 149946.98,6580262.86,0 149823.65,6580173.53,0 149832.33,6580149.66,0 149797.97,6580141.34,0 149770.49,6580117.84,0 149759.27,6580095.77,0 149771.21,6580072.27,0 149769.04,6580054.18,0 149783.87,6580022.36,0 149783.51,6580014.4,0 149797.97,6579994.87,0 149790.02,6579955.81,0 149807.01,6579938.09,0 149808.1,6579899.75,0 149828.71,6579874.07,0 149826.91,6579863.59,0 149808.82,6579849.48,0 149818.23,6579777.51,0 149829.8,6579763.4,0 149903.94,6579734.11,0 149921.3,6579721.45,0 149920.58,6579706.26,0 149915.15,6579693.6,0 149869.58,6579689.99,0 149785.31,6579697.22,0 149766.87,6579695.77,0 149761.44,6579689.99,0 149761.44,6579670.1,0 149790.02,6579655.63,0 149790.38,6579623.8,0 149804.12,6579615.48,0 149808.82,6579607.53,0 149807.01,6579595.95,0 149801.23,6579590.89,0 149786.4,6579590.17,0 149778.08,6579580.04,0 149775.55,6579533.02,0 149756.02,6579508.43,0</coordinates></LinearRing></outerBoundaryIs></Polygon><Polygon><outerBoundaryIs><LinearRing><coordinates>147059.712024,6587099.00925,0 147053.648728,6587080.642761,0 147078.078514,6587076.639808,0 147092.912986,6587073.578726,0 147103.979973,6587068.162966,0 147111.750411,6587062.040803,0 147119.226515,6587053.093026,0 147125.407545,6587038.729489,0 147129.17503,6587010.002416,0 147142.596695,6586913.225143,0 147141.831425,6586908.633521,0 147138.770343,6586904.218499,0 147140.948421,6586889.442894,0 147143.538567,6586889.442894,0 147161.905056,6586893.445847,0 147160.963185,6586898.390671,0 147159.550378,6586903.570963,0 147158.902842,6586907.220714,0 147154.48782,6586909.516525,0 147152.545211,6586911.635736,0 147151.309004,6586914.63795,0 147137.828472,6587015.771377,0 147135.238326,6587035.550674,0 147132.236111,6587046.970863,0 147127.350154,6587056.625043,0 147121.169124,6587065.337353,0 147115.046961,6587071.224048,0 147107.041055,6587076.875276,0 147093.854857,6587082.997439,0 147066.599458,6587088.295465,0 147062.714239,6587090.414675,0 147060.477294,6587094.299894,0 147059.712024,6587099.00925,0</coordinates></LinearRing></outerBoundaryIs></Polygon><Polygon><outerBoundaryIs><LinearRing><coordinates>146895.826424,6587952.697818,0 146874.163385,6587938.569749,0 147017.798753,6587748.311753,0 147071.014479,6587668.723632,0 147084.200677,6587654.713296,0 147115.753364,6587607.031064,0 147223.597624,6587438.789309,0 147321.552236,6587288.560842,0 147345.216751,6587302.453443,0 147252.795633,6587444.558271,0 147149.189794,6587604.20545,0 147096.445003,6587686.619186,0 146895.826424,6587952.697818,0</coordinates></LinearRing></outerBoundaryIs></Polygon><Polygon><outerBoundaryIs><LinearRing><coordinates>146817.095143,6587414.732347,0 146812.909049,6587412.22069,0 146837.122989,6587375.435385,0 146871.547076,6587398.014132,0 146868.636432,6587402.474939,0 146869.696037,6587403.456055,0 146870.546338,6587404.895025,0 146870.99111,6587406.569463,0 146871.004192,6587408.021514,0 146870.559419,6587409.525892,0 146870.193136,6587410.4416,0 146870.403258,6587410.801752,0 146873.935275,6587413.15643,0 146870.12364,6587419.124067,0 146868.350273,6587421.920248,0 146866.370872,6587424.929821,0 146862.699046,6587430.404447,0 146860.999262,6587429.205033,0 146859.211179,6587428.035052,0 146858.646332,6587427.802514,0 146849.118766,6587442.360571,0 146813.327658,6587420.069618,0 146817.095143,6587414.732347,0</coordinates></LinearRing></outerBoundaryIs></Polygon><Polygon><outerBoundaryIs><LinearRing><coordinates>146729.631931,6587661.528782,0 146705.692703,6587645.525691,0 146737.454695,6587597.298394,0 146767.12364,6587552.419972,0 146791.287229,6587566.322851,0 146764.995709,6587606.07175,0 146765.239898,6587608.339218,0 146765.100361,6587609.734583,0 146762.688315,6587613.283214,0 146734.44594,6587655.58976,0 146729.631931,6587661.528782,0</coordinates></LinearRing></outerBoundaryIs></Polygon></MultiGeometry></Placemark><Placemark><name>Taxa 4 – 10 kr/tim vardagar 7-19, dag före helgdag 11-17,</name><description>10 kr/tim vardagar 7-19, dag före helgdag 11-17, Boende: 500 kr/månad eller 35 kr/dygn</description><styleUrl>#z4</styleUrl><MultiGeometry><Polygon><outerBoundaryIs><LinearRing><coordinates>152918.995886,6583991.166597,0 152919.990015,6583985.369707,0 153027.331549,6583952.477375,0 153185.639919,6583903.967435,0 153694.293311,6583748.102363,0 153745.63285,6583732.370548,0 153771.08692,6583724.570736,0 153777.971691,6583722.461058,0 153795.566484,6583741.743506,0 153816.97,6583765.2,0 153842.94,6583825.77,0 153881.29,6584021.96,0 153939.29,6584169.04,0 153914.3,6584214.61,0 153855.5,6584239.6,0 153804.05,6584282.23,0 153802.58,6584307.22,0 153762.89,6584357.2,0 153699.68,6584367.49,0 153567.38,6584398.36,0 153501.23,6584355.73,0 153464.48,6584320.45,0 153421.85,6584310.16,0 153410.09,6584307.22,0 153407.15,6584291.05,0 153299.84,6584276.35,0 153182.24,6584221.96,0 153117.56,6584317.51,0 152880.89,6584455.69,0 152848.55,6584474.8,0 152760.61,6584533.68,0 152686.83,6584509.83,0 152699.75,6584484.73,0 152723.08,6584440.18,0 152762.65,6584376.01,0 152796.44,6584327.06,0 152820.02,6584288.83,0 152830.66,6584269.03,0 152842.72,6584251.08,0 152859.07,6584224.14,0 152871.51,6584199.79,0 152884.87,6584169.62,0 152895.47,6584137.5,0 152912.500076,6584029.044484,0 152918.995886,6583991.166597,0</coordinates></LinearRing></outerBoundaryIs></Polygon><Polygon><outerBoundaryIs><LinearRing><coordinates>148858.3,6578265.09,0 148858.3,6578212,0 148885.72,6578140.25,0 148902.63,6578120.41,0 148922.47,6578085.41,0 148949.3,6578059.16,0 148976.14,6578024.74,0 148983.72,6578004.32,0 148993.64,6577992.07,0 149050.81,6577951.82,0 149061.89,6577954.15,0 149075.9,6577954.74,0 149123.73,6577934.9,0 149163.98,6577945.99,0 149172.73,6577961.74,0 149246.82,6578006.66,0 149322.08,6578021.24,0 149330.24,6578026.49,0 149476.67,6578056.83,0 149526.84,6578064.41,0 149543.17,6578062.08,0 149571.76,6578071.99,0 149613.76,6578101.16,0 149696.02,6578130.91,0 149693.68,6578139.66,0 149698.35,6578147.83,0 149715.85,6578149,0 149718.19,6578167.08,0 149732.77,6578178.17,0 149754.94,6578179.92,0 149758.44,6578189.25,0 149790.52,6578214.92,0 149798.11,6578241.75,0 149873.36,6578256.92,0 149876.28,6578311.18,0 149892.61,6578343.84,0 149890.86,6578361.93,0 149907.78,6578382.35,0 149897.86,6578398.1,0 149904.86,6578434.27,0 149915.95,6578450.6,0 149922.95,6578476.27,0 149909.53,6578532.27,0 149900.2,6578546.86,0 149890.86,6578572.52,0 149886.78,6578610.44,0 149871.61,6578644.28,0 149829.03,6578703.2,0 149829.61,6578738.2,0 149813.27,6578772.62,0 149787.02,6578800.62,0 149770.11,6578806.46,0 149762.52,6578826.87,0 149740.94,6578841.46,0 149724.02,6578864.21,0 149712.93,6578869.46,0 149699.52,6578871.79,0 149691.35,6578886.38,0 149691.35,6578901.55,0 149676.18,6578922.55,0 149655.18,6578936.55,0 149579.34,6579008.89,0 149534.42,6579045.05,0 149475.5,6579080.64,0 149376.33,6579051.47,0 149356.5,6579017.64,0 149355.33,6578996.05,0 149354.75,6578983.8,0 149336.66,6578963.38,0 149324.41,6578967.47,0 149282.41,6578951.72,0 149261.99,6578928.38,0 149259.07,6578901.55,0 149239.82,6578864.79,0 149242.16,6578846.13,0 149253.24,6578828.62,0 149266.07,6578829.21,0 149284.16,6578817.54,0 149281.82,6578791.29,0 149259.07,6578784.29,0 149256.74,6578717.78,0 149210.65,6578696.78,0 149175.07,6578671.11,0 149156.4,6578648.36,0 149131.32,6578616.28,0 149134.23,6578603.44,0 149110.9,6578571.94,0 149086.98,6578559.11,0 149061.31,6578528.77,0 149023.98,6578514.77,0 148993.64,6578501.94,0 148941.72,6578433.1,0 148916.05,6578410.93,0 148908.47,6578387.01,0 148873.47,6578331.01,0 148858.3,6578265.09,0</coordinates></LinearRing></outerBoundaryIs></Polygon><Polygon><outerBoundaryIs><LinearRing><coordinates>148851.948741,6576901.384644,0 148828.644568,6576883.563803,0 148896.457956,6576801.893458,0 148939.396257,6576798.751632,0 148986.916008,6576630.752907,0 148993.374948,6576567.644547,0 149032.963228,6576571.232957,0 149330.976292,6576482.767022,0 149397.814708,6576358.822027,0 149408.572152,6576349.982102,0 149418.180772,6576339.891172,0 149425.690452,6576328.748382,0 149433.554378,6576312.856077,0 149439.219192,6576296.111812,0 149443.628599,6576279.578527,0 149423.49975,6576276.512543,0 149425.234686,6576260.030652,0 149447.094878,6576262.80655,0 149447.983265,6576257.364204,0 149452.848141,6576227.289746,0 149453.506908,6576223.55219,0 149455.898412,6576207.280092,0 149609.002052,6576185.332962,0 149650.735022,6576192.896582,0 149680.701062,6576173.725752,0 149712.057188,6576136.535927,0 149714.828188,6576127.056177,0 149732.86,6576098.02,0 149778.63,6575910.73,0 149785.16,6575882.21,0 149789.03,6575869.4,0 149790.86,6575865.72,0 149800.42,6575853.37,0 149806.53,6575848.46,0 149877.23,6575793.39,0 149904.94,6575771.01,0 150017.6,6575686.32,0 150076.57,6575638.53,0 150093.46,6575623.62,0 150109.94,6575608.48,0 150013.12,6575453.87,0 149974.29,6575373.91,0 149966.3,6575361.05,0 150039.4,6575291.98,0 150104.24,6575222.93,0 150103.37,6575196.59,0 150107.85,6575170.15,0 150126.4,6575166.82,0 150228.58,6575113.63,0 150336.91,6575056.32,0 150447.77,6574933.26,0 150529.75,6574883.06,0 150569.89,6574880.75,0 150748.55,6574872,0 150834.99,6574841.46,0 151004.17,6574792.45,0 151314.52,6574865.96,0 151423.03,6574996.63,0 151635.37,6575087.64,0 151969.06,6575205.48,0 152094.05,6575168.13,0 152100.56,6575005.75,0 152109.45,6574944.71,0 152206.64,6574805.45,0 152483.4,6574542.91,0 152615.56,6574407.79,0 152656.7,6574415.6,0 152691.91,6574394.55,0 152896.49,6574343.77,0 153297.45,6574127.99,0 153555.8,6574085.43,0 153916.43,6573866.66,0 154030.67,6573854.71,0 154173.28463,6573773.323825,0 154224.897714,6573765.771448,0 154242.592454,6573786.143858,0 154257.794784,6573767.395988,0 154267.042314,6573735.153478,0 154754.93,6573502.29,0 154896.666685,6573509.904647,0 154936.905841,6573498.692195,0 154985.319271,6573489.372215,0 155099.706865,6573477.585297,0 155099.696875,6573378.730577,0 155131.979385,6573376.381627,0 155138.335501,6573374.164545,0 155197.775261,6573369.841345,0 155264.974172,6573368.914817,0 155354.939731,6573367.674385,0 155405.87,6573491.76,0 155421.61,6573661.23,0 155425.32,6573711.24,0 155432.73,6573764.02,0 155437.3,6573798.05,0 155459.55,6573799.44,0 155550.32,6573805.13,0 155614.22,6573808.73,0 155676.99,6573812.76,0 155709.18,6573778.87,0 155757.69,6573743.59,0 155953.2,6573689.2,0 156111.96,6573617.17,0 156273.66,6573509.86,0 156286.89,6573404.02,0 156489.75,6573446.65,0 156608.82,6573381.97,0 156598.53,6573546.61,0 156595.59,6573671.56,0 156590.93,6573812.19,0 156604.62,6573814.33,0 156633.76,6573823.16,0 156708.83,6573861.93,0 156780.72,6573901.62,0 156799.98,6573912.26,0 156971.23,6574006.49,0 157007.86,6574031.04,0 157043.27,6574061.52,0 157437.87,6574438.01,0 157027.64,6574799.14,0 156926.66,6575025.05,0 156802.08,6575407.57,0 156868.91,6575439.82,0 157414.28,6576236.65,0 157304.98,6576231.56,0 157224.5,6576213.82,0 157031.75,6576257.44,0 156858.36,6576230.58,0 156759.57,6576242.42,0 156689.18,6576235.06,0 156630.19,6576222.91,0 156574.68,6576241.06,0 156515.99,6576253.23,0 156448.32,6576267.27,0 156368.93,6576292.13,0 156322.28,6576296.61,0 156301.54,6576312.21,0 156293.3,6576320.98,0 156268.28,6576308.84,0 156017.4,6576179.27,0 155969.64,6576184.98,0 155805.75,6576179.22,0 155746.17,6576171.42,0 155216.07,6576148.74,0 155170.45,6576141.71,0 155044.58,6576106.9,0 154917.2,6576044.46,0 154914.52,6576035.2,0 154948.26,6575928.22,0 154900.52,6575922.12,0 154766.75,6575914.66,0 154753.39,6575916.86,0 154740.96,6575922.55,0 154718.34,6575954.97,0 154699.21,6576000.46,0 154671.18,6575992.17,0 154591.88,6575968.32,0 154563.83,6575957.6,0 154581.67,6575882.64,0 154542.34,6575869.64,0 154553.18,6575838.29,0 154533.72,6575832.48,0 154499.5,6575931.57,0 154326.57,6575874.59,0 154319.15,6575896.33,0 154489.62,6575952.48,0 154488.72,6575973.47,0 154494.63,6576008.81,0 154546.09,6576015.25,0 154621.35,6576028.53,0 154597.7,6576190.08,0 154457.33,6576387.2,0 154450.62,6576385.245,0 154443.91,6576383.29,0 154432.76,6576359.18,0 154408.65,6576355.16,0 154392.57,6576351.72,0 154383.96,6576331.62,0 154356.4,6576309.23,0 154310.47,6576293.73,0 154304.73,6576283.97,0 154280.62,6576275.93,0 154219.19,6576279.95,0 154203.69,6576285.69,0 154161.21,6576288.56,0 154103.22,6576282.82,0 154048.68,6576302.92,0 154024,6576305.21,0 153972.9,6576332.2,0 153930.99,6576338.51,0 153846.6,6576333.92,0 153809.28,6576333.92,0 153754.74,6576350.57,0 153704.22,6576358.6,0 153651.4,6576375.83,0 153589.4,6576387.88,0 153563.56,6576404.53,0 153511.89,6576415.44,0 153469.43,6576421.5,0 153408.37,6576446.1,0 153252.53,6576457.95,0 153194.21,6576481.64,0 153161.4,6576484.38,0 153134.97,6576472.53,0 153088.49,6576468.89,0 153073,6576487.11,0 152990.07,6576502.61,0 152920.81,6576505.34,0 152862.48,6576497.14,0 152785.93,6576496.23,0 152775.9,6576486.2,0 152750.39,6576478,0 152720.31,6576483.47,0 152663.94,6576500.98,0 152639.83,6576520.5,0 152630.64,6576543.47,0 152591.6,6576573.32,0 152508.93,6576610.06,0 152476.78,6576611.21,0 152421.67,6576623.84,0 152412.48,6576637.05,0 152352.77,6576669.77,0 152318.33,6576677.81,0 152235.08,6576685.27,0 152200.36,6576720.49,0 151943.2,6576325.43,0 151648.13,6576067.37,0 151506.1,6576247.46,0 151478.14,6576277.63,0 151388.4,6576350.12,0 151356.39,6576364.6,0 151339.2,6576374.78,0 151305.89,6576384.86,0 151262.44,6576393.81,0 151240.34,6576397.42,0 151195.5,6576401.41,0 151146.4,6576468.42,0 151118.67,6576545.14,0 151164.37,6576652.17,0 151204.15,6576740.23,0 151217.89,6576770.64,0 151253.66,6576836.1,0 151301.43,6576917.97,0 151397.23,6577058.23,0 151095.6,6577229.48,0 151226.36,6577302.85,0 151322.35,6577329.82,0 151355.56,6577353.97,0 151383.72,6577368.15,0 151395.13,6577407.26,0 151415.16,6577450.94,0 151420.38,6577458.51,0 151428.76,6577463.21,0 151479.56,6577471.39,0 151497.71,6577466.91,0 151538.94,6577440.63,0 151592.38,6577395.21,0 151598.98,6577384.53,0 151600.97,6577364.74,0 151638.1,6577419.8,0 151771.58,6577556.93,0 151643.12,6577662.84,0 151459.98,6577735.18,0 151453.09,6577743.21,0 151279.71,6577812.68,0 151257.9,6577810.38,0 151152.26,6577854.02,0 151052.37,6577863.78,0 150980.03,6577814.4,0 150977.16,6577800.63,0 150950.75,6577793.74,0 150934.1,6577805.79,0 150935.25,6577859.18,0 150954.2,6577868.37,0 150963.96,6577902.82,0 150918.6,6577947.02,0 150862.91,6577963.67,0 150845.69,6577985.49,0 150769.33,6577996.4,0 150655.09,6578050.94,0 150640.73,6578079.64,0 150550.03,6578111.79,0 150520.17,6578113.51,0 150485.15,6578141.64,0 150356.55,6578177.81,0 150275.6,6578165.18,0 150196.38,6578149.68,0 150171.12,6578131.88,0 150130.35,6578110.64,0 150039.07,6578068.16,0 150001.75,6578070.45,0 149948.94,6578040.03,0 149836.41,6577999.27,0 149784.17,6577964.82,0 149718.72,6577938.41,0 149691.16,6577911.43,0 149611.36,6577913.15,0 149560.84,6577900.52,0 149492.52,6577882.72,0 149347.27,6577840.81,0 149343.83,6577832.77,0 149304.22,6577824.16,0 149189.39,6577822.44,0 149142.32,6577813.83,0 149117.63,6577796.61,0 149109.02,6577779.96,0 149111.89,6577763.88,0 149096.39,6577756.99,0 149100.98,6577719.68,0 149136,6577677.19,0 149179.06,6577676.04,0 149230.16,6577622.65,0 149286.99,6577622.65,0 149299.05,6577610.02,0 149303.64,6577585.91,0 149424.2,6577599.69,0 149562.56,6577647.34,0 149586.68,6577647.34,0 149614.81,6577632.99,0 149632.6,6577631.26,0 149644.09,6577604.28,0 149607.34,6577579.02,0 149564.29,6577555.48,0 149516.63,6577551.46,0 149293.31,6577511.85,0 149277.23,6577500.94,0 149220.97,6577491.76,0 149134.28,6577492.33,0 149099.26,6577504.39,0 149066.54,6577484.87,0 148945.97,6577432.62,0 148874.78,6577392.44,0 148886.84,6577336.17,0 148968.36,6577347.08,0 149069.41,6577375.79,0 149101.56,6577383.82,0 149139.45,6577390.14,0 149191.12,6577385.55,0 149248.53,6577376.36,0 149288.71,6577367.75,0 149301.92,6577355.12,0 149288.14,6577320.1,0 149263.45,6577290.82,0 149235.9,6577284.5,0 149158.97,6577295.41,0 149130.84,6577297.71,0 149096.39,6577288.52,0 149044.72,6577247.76,0 149029.22,6577225.37,0 149014.87,6577198.96,0 148989.61,6577182.31,0 149012.57,6577116.87,0 149014.29,6577082.42,0 149003.96,6577069.21,0 148987.31,6577062.9,0 148981.57,6577039.93,0 148960.9,6577056.58,0 148901.77,6577077.83,0 148902.74161,6576997.734002,0 148872.370616,6576987.784884,0 148851.948741,6576901.384644,0</coordinates></LinearRing></outerBoundaryIs></Polygon><Polygon><outerBoundaryIs><LinearRing><coordinates>149150.606523,6579664.133593,0 149200.608081,6579695.601075,0 149268.619237,6579684.609374,0 149271.359997,6579684.166423,0 149287.728835,6579684.184316,0 149309.067304,6579682.009695,0 149391.702906,6579699.406664,0 149425.953188,6579704.299561,0 149462.921747,6579720.60922,0 149513.511491,6579764.426712,0 149546.647721,6579738.306003,0 149563.66,6579758.3,0 149574.78,6579781.45,0 149593.3,6579795.34,0 149619.23,6579811.08,0 149638.67,6579880.07,0 149640.06,6579914.8,0 149624.78,6579942.58,0 149595.61,6579959.25,0 149578.94,6579959.71,0 149546.07,6579989.81,0 149548.38,6579997.22,0 149537.27,6580009.26,0 149538.2,6580024.07,0 149511.34,6580051.39,0 149496.06,6580090.75,0 149502.54,6580120.84,0 149500.69,6580154.64,0 149508.56,6580185.2,0 149532.64,6580220.39,0 149539.59,6580287.07,0 149558.11,6580331.52,0 149563.2,6580355.13,0 149601.17,6580402.36,0 149605.33,6580435.24,0 149589.13,6580507.47,0 149570.14,6580552.38,0 149545.6,6580586.18,0 149522.92,6580594.05,0 149521.99,6580600.53,0 149479.39,6580655.63,0 149446.06,6580673.23,0 149386.33,6580653.32,0 149356.69,6580620.44,0 149337.71,6580615.35,0 149323.82,6580623.22,0 149255.75,6580639.43,0 149236.77,6580670.91,0 149240.94,6580706.1,0 149224.73,6580736.66,0 149160.37,6580788.52,0 149098.33,6580807.97,0 149066.84,6580809.36,0 148869.13,6580905.2,0 148733,6580861.21,0 148710.78,6580868.62,0 148685.78,6580862.6,0 148655.22,6580871.4,0 148613.08,6580874.18,0 148560.3,6580859.83,0 148529.74,6580825.1,0 148478.34,6580799.17,0 148460.75,6580778.33,0 148434.35,6580755.65,0 148421.39,6580726.48,0 148412.59,6580697.77,0 148412.59,6580674.15,0 148401.48,6580651.93,0 148382.03,6580627.85,0 148348.23,6580621.37,0 148335.73,6580613.04,0 148274.15,6580625.07,0 148225.53,6580628.32,0 148155.15,6580644.98,0 148111.17,6580659.8,0 148075.05,6580685.73,0 148033.97,6580705.41,0 147978.72,6580712.88,0 147820.6,6580703.76,0 147851.37,6580599.77,0 148215.3,6579998.77,0 148206.04,6579952.47,0 148201.21,6579930.35,0 148256.4,6579910.77,0 148305.1,6579895.01,0 148628.32,6579771.89,0 148687.61,6579785.97,0 148694.646773,6579796.913345,0 148695.330342,6579797.976407,0 148703.807184,6579809.749798,0 148761.261331,6579796.563601,0 148756.316507,6579766.305986,0 148832.475738,6579752.395241,0 149013.34,6579715.9,0 149038.26,6579709.32,0 149062.83,6579700.83,0 149085.6,6579690.41,0 149132.87,6579668.18,0 149150.606523,6579664.133593,0</coordinates></LinearRing></outerBoundaryIs></Polygon></MultiGeometry></Placemark><Placemark><name>Taxa 5 – 5 kr/tim vardagar 7-19,</name><description>5 kr/tim vardagar 7-19, Boende: 300 kr/månad eller 20 kr/dygn</description><styleUrl>#z5</styleUrl><MultiGeometry><Polygon><outerBoundaryIs><LinearRing><coordinates>152149.808182,6573962.264671,0 152120.682728,6573938.449288,0 152159.153233,6573832.695763,0 152233.437458,6573644.980505,0 152277.219742,6573527.322344,0 152332.926862,6573409.668355,0 152429.711413,6573280.136007,0 152470.80543,6573237.845468,0 152572.865073,6573157.245042,0 152708.047083,6573079.314045,0 152806.128852,6573015.906118,0 152857.81565,6572990.817204,0 152876.375236,6572974.961165,0 152935.213582,6573126.099477,0 152978.891403,6573177.04759,0 153025.231752,6573210.144954,0 153074.236283,6573224.069713,0 153146.423418,6573238.014177,0 153185.499388,6573242.67518,0 153241.203843,6573166.021528,0 153288.274792,6573117.792596,0 153303.529908,6573094.662761,0 153315.456485,6573090.70575,0 153304.878274,6573067.553308,0 153254.570976,6573026.512974,0 153253.278425,6572988.82076,0 153259.939995,6572945.183669,0 153297.737602,6572899.589178,0 153326.911697,6572868.534963,0 153367.335448,6572851.37746,0 153393.217748,6572798.498141,0 153470.025975,6572837.583032,0 153527.636172,6572861.441965,0 153589.225859,6572879.353954,0 153657.434173,6572902.563353,0 153682.640426,6572867.54044,0 153744.994662,6572780.973757,0 153774.183174,6572740.002615,0 153770.913532,6572697.015012,0 153767.082926,6572551.5221,0 153728.677966,6572531.644381,0 153650.5393,6572494.533868,0 153648.632415,6572410.541365,0 153641.548744,6572197.573557,0 153662.070008,6572216.112091,0 153679.951774,6572223.404584,0 153742.190847,6572264.470904,0 153777.294955,6572275.087631,0 153821.023805,6572273.808582,0 153832.956165,6572267.206839,0 153841.59257,6572244.067323,0 153871.824797,6572154.240222,0 153928.389883,6572240.18774,0 154029.717094,6572279.976438,0 154130.883361,6572465.92658,0 154416.371512,6572510.55718,0 154532.629451,6572241.521519,0 154576.335865,6572259.431122,0 154614.874034,6572168.206484,0 154633.467543,6572133.836477,0 154665.303025,6572107.419335,0 154676.577249,6572098.834923,0 154661.77121,6572285.989946,0 154668.27475,6572385.202617,0 154694.582759,6572541.311841,0 154707.778539,6572584.975622,0 154739.445028,6572691.486232,0 154777.113317,6572764.937308,0 154823.403619,6572829.140382,0 154892.198822,6572905.935917,0 154992.097822,6573003.27066,0 155087.3576,6573098.615651,0 155326.836792,6573318.466674,0 155340.237226,6573209.386817,0 155368.354003,6572999.154745,0 155385.664797,6572937.021234,0 155408.26057,6572885.474634,0 155444.251638,6572732.108364,0 155502.833289,6572535.121333,0 155555.842571,6572339.866859,0 155790.560752,6572400.634922,0 155913.72091,6572444.473635,0 156242.727111,6572200.293622,0 156277.157945,6572213.578073,0 156323.567186,6572195.136111,0 156360.727658,6572160.805671,0 156396.45907,6572188.644148,0 156449.467836,6572186.08814,0 156474.683183,6572163.643619,0 156563.507039,6572139.985616,0 156555.474182,6572187.592235,0 156571.336601,6572210.106861,0 156555.39207,6572235.211977,0 156563.315211,6572251.09881,0 156604.32851,6572288.206961,0 156598.99378,6572308.038865,0 156666.523402,6572335.93415,0 156720.836654,6572343.966164,0 156763.21952,6572354.623147,0 156777.764403,6572371.84444,0 156974.300292,6572138.071409,0 157061.903489,6572060.187086,0 157077.884115,6572017.886081,0 157105.682946,6572033.81201,0 157266.206929,6571940.192823,0 157206.665984,6571891.133011,0 157229.20966,6571883.23848,0 157239.874342,6571850.186396,0 157217.440938,6571799.873185,0 157217.518784,6571758.862648,0 157313.176454,6571634.687745,0 157378.262485,6571559.40312,0 157400.893456,6571507.849678,0 157492.060701,6571650.911669,0 157595.790438,6571472.512283,0 157627.588387,6571477.868056,0 157716.540195,6571402.634031,0 157845.178594,6571365.851463,0 157934.472998,6571278.777762,0 158356.733598,6571991.379237,0 158269.148252,6572048.070018,0 158373.748199,6572087.983774,0 158417.416398,6572115.85933,0 158428.01746,6572115.882816,0 158538.951283,6572284.123628,0 158540.9803,6572560.573453,0 158551.458127,6572614.82555,0 158532.6979,6572708.689527,0 158576.253349,6572782.852733,0 158570.694287,6572897.902892,0 158197.308999,6572792.597212,0 157940.632603,6572744.479639,0 158191.26,6572793.26,0 158565.22,6572900.67,0 158608.02,6573037.42,0 158670.78,6573178.07,0 158149.5,6573828.51,0 157715.98,6574193.19,0 157437.87,6574438.01,0 157043.27,6574061.52,0 157007.86,6574031.04,0 156971.23,6574006.49,0 156799.98,6573912.26,0 156780.72,6573901.62,0 156708.83,6573861.93,0 156633.76,6573823.16,0 156604.62,6573814.33,0 156590.93,6573812.19,0 156595.59,6573671.56,0 156598.53,6573546.61,0 156608.82,6573381.97,0 156489.75,6573446.65,0 156321.58,6573410.49,0 156266.02,6573206.76,0 156320.22071,6573410.571583,0 156288.441495,6573402.584703,0 156275.022151,6573507.02762,0 156179.548621,6573567.697618,0 156053.582734,6573646.832248,0 155972.728179,6573681.083319,0 155764.677797,6573740.2634,0 155675.827193,6573810.20789,0 155438.753171,6573796.63893,0 155425.632319,6573709.352427,0 155408.710195,6573500.406496,0 155354.587753,6573366.772572,0 155096.250726,6573382.285778,0 155097.453022,6573473.529604,0 154970.265017,6573489.229106,0 154893.40958,6573508.964249,0 154750.354374,6573503.493428,0 154261.298119,6573735.635461,0 154440.516449,6573392.041883,0 154300.162831,6573336.010239,0 154208.719261,6573370.950825,0 154120.51667,6573472.675273,0 154051.649911,6573458.055516,0 154031.793979,6573444.81098,0 154004.664052,6573420.31885,0 153978.17466,6573416.323967,0 153978.622397,6573621.283773,0 153996.447574,6573675.515687,0 153962.660231,6573685.397268,0 153938.822502,6573680.744568,0 153917.649568,6573660.888696,0 153859.354702,6573673.390574,0 153610.257843,6573751.15854,0 153601.009719,6573726.02717,0 153610.568167,6573424.552203,0 153513.249735,6573375.533696,0 153364.943274,6573308.619334,0 153347.502526,6573326.636782,0 153262.782157,6573302.486757,0 153193.045895,6573287.461072,0 153148.075042,6573278.31351,0 153119.395765,6573275.036269,0 153067.895962,6573278.247937,0 153043.1205,6573284.084475,0 152994.213973,6573305.51923,0 152976.607187,6573313.964663,0 152951.163567,6573341.274622,0 152892.446898,6573406.950345,0 152808.287361,6573504.490375,0 152772.405729,6573547.408623,0 152707.822597,6573622.188603,0 152656.939618,6573682.663514,0 152782.668489,6573774.493909,0 152766.364108,6573788.145278,0 152727.872951,6573838.866326,0 152704.371391,6573892.200181,0 152685.433187,6573944.886052,0 152665.168753,6574030.75057,0 152654.056563,6574077.58495,0 152500.628698,6574218.97045,0 152396.043729,6574151.476656,0 152304.600947,6574086.839712,0 152247.771804,6574044.294611,0 152149.808182,6573962.264671,0</coordinates></LinearRing></outerBoundaryIs><innerBoundaryIs><LinearRing><coordinates>156628.16318,6572756.106099,0 156891.52,6573007.94,0 157243.87,6572954.27,0 157569.646112,6572830.045823,0 157240.425927,6572952.004694,0 156894.888401,6573005.895853,0 156628.16318,6572756.106099,0</coordinates></LinearRing></innerBoundaryIs><innerBoundaryIs><LinearRing><coordinates>156294.77912,6573004.652079,0 156312.923151,6572976.537401,0 156295.735246,6572997.932797,0 156294.77912,6573004.652079,0</coordinates></LinearRing></innerBoundaryIs></Polygon><Polygon><outerBoundaryIs><LinearRing><coordinates>149286.522781,6572201.577474,0 149209.981687,6571887.974482,0 149306.386612,6571863.420187,0 149406.017262,6571826.21324,0 149555.898842,6571759.595688,0 149915.463387,6571614.419422,0 149909.399367,6571677.40399,0 149887.744643,6571895.359052,0 149863.493422,6572115.03153,0 149901.61319,6572134.921258,0 149988.247568,6572188.538451,0 150087.007138,6572277.61357,0 150247.264797,6572425.496396,0 150385.854986,6572563.001327,0 150524.430019,6572737.68791,0 150535.686537,6572767.088593,0 150560.801433,6572799.949779,0 150585.051309,6572822.434763,0 150708.88422,6572991.926206,0 150766.922513,6572959.946196,0 150815.420651,6572990.218319,0 150766.036144,6573060.242099,0 150869.072943,6573203.78683,0 150999.653697,6573296.310622,0 151045.716841,6573349.942131,0 151227.50704,6573608.486521,0 151137.636654,6574146.24064,0 151030.773502,6574161.658829,0 150970.624306,6574046.249131,0 150930.372775,6573992.64672,0 150881.025829,6573947.685961,0 150790.986217,6573865.978637,0 150720.423368,6573803.293103,0 150633.406948,6573726.773755,0 150545.087843,6573651.551391,0 150501.361692,6573600.973192,0 150458.72923,6573549.508715,0 150407.832407,6573604.852193,0 150365.393693,6573650.233149,0 150342.442791,6573672.275091,0 150270.12793,6573736.239598,0 150225.527667,6573777.298163,0 150192.187228,6573790.695242,0 150170.972744,6573753.955165,0 150118.151244,6573661.887828,0 150070.090028,6573582.786484,0 150026.35722,6573466.510045,0 150013.366707,6573447.490536,0 149954.475462,6573420.690503,0 149939.752407,6573406.858231,0 149757.871242,6573246.923801,0 149753.536705,6573183.810118,0 149650.462405,6573096.49442,0 149603.690591,6573085.25917,0 149564.713654,6573074.023561,0 149505.788277,6573050.415532,0 149545.65036,6573003.127369,0 149452.960104,6572914.082376,0 149443.426343,6572873.445316,0 149419.157091,6572766.230548,0 149357.613468,6572508.558102,0 149286.522781,6572201.577474,0</coordinates></LinearRing></outerBoundaryIs></Polygon><Polygon><outerBoundaryIs><LinearRing><coordinates>147703.924651,6575546.77498,0 147703.89683,6575500.764237,0 147712.952583,6575446.32279,0 147737.600204,6575410.016939,0 147748.628481,6575396.401138,0 147772.634025,6575371.112537,0 147770.671958,6575346.487146,0 147783.653463,6575341.943062,0 147796.653425,6575369.15433,0 147749.941855,6575421.674636,0 147727.242145,6575458.627179,0 147719.484576,6575513.067637,0 147720.800827,6575542.876601,0 147724.739362,6575615.453537,0 147741.657649,6575682.837261,0 147727.382939,6575693.861963,0 147715.032743,6575666.652861,0 147707.217474,6575624.536392,0 147703.924651,6575546.77498,0</coordinates></LinearRing></outerBoundaryIs></Polygon><Polygon><outerBoundaryIs><LinearRing><coordinates>146486.99,6576326.87,0 146550.94,6576154.42,0 146578.62,6576136.77,0 146605.06,6576115.17,0 146635.81,6576084.5,0 146651.26,6576066.19,0 146673.35,6576035.35,0 146690.46,6576000.62,0 146705.96,6575956.42,0 146717.57,6575911.02,0 146725.17,6575864.78,0 146728.87,6575800.97,0 146727.25,6575782.43,0 146710.47,6575708.05,0 146731.94,6575705.51,0 146748.07,6575700.71,0 146762.55,6575692.15,0 146776,6575678.42,0 146784.72,6575662.65,0 146788.56,6575648.73,0 146793.19,6575600.85,0 146798.4,6575580.38,0 146809.7,6575558.49,0 146890.4,6575477.5,0 146905.14,6575462.12,0 146921.63,6575437.93,0 146933.99,6575408.5,0 146940.49,6575372.06,0 146983.78,6574961.19,0 146992.45,6574920.62,0 147007.37,6574863.03,0 147032.88,6574802.61,0 147063.936711,6574733.229468,0 147063.859571,6574733.196993,0 147036.578836,6574720.902863,0 147056.674942,6574678.755592,0 146983.924132,6574645.10701,0 146964.427727,6574624.380453,0 146957.915727,6574601.050678,0 146959.846094,6574579.010405,0 146978.655784,6574552.419115,0 147002.668193,6574535.546744,0 147031.234366,6574529.042234,0 147057.857109,6574528.373313,0 147148.127614,6574543.213229,0 147143.526143,6574468.672294,0 147114.924863,6574429.800604,0 147165.54288,6574386.331172,0 147259.632122,6574289.674277,0 147318.03131,6574224.807165,0 147502.387023,6574112.530888,0 147522.42853,6573973.783557,0 147530.18728,6573920.617331,0 147541.557916,6573832.422795,0 147617.833551,6573873.234333,0 147641.214496,6573873.868066,0 147667.850689,6573887.466307,0 147669.806615,6573899.783112,0 147895.232504,6574016.994755,0 147835.504435,6574052.036086,0 147827.717959,6574063.709716,0 147850.471377,6574105.186924,0 147956.944861,6574046.782524,0 147960.193054,6574048.725648,0 147992.653911,6574028.611326,0 148107.651335,6574124.49847,0 148260.950145,6574204.162406,0 148334.999411,6574243.673077,0 148470.08452,6574270.194694,0 148492.16538,6574274.075375,0 148559.72539,6574335.632529,0 148691.597404,6574474.305814,0 148785.786456,6574575.395071,0 148865.6796,6574657.04269,0 148926.083549,6574716.009606,0 148952.062246,6574738.04027,0 148973.823468,6574772.387304,0 148974.150922,6574782.757864,0 148981.942657,6574783.07985,0 149017.020587,6574843.025364,0 149019.301566,6574875.756431,0 149018.454549,6574876.602399,0 149075.98,6574875.26,0 149150.63,6574874.27,0 149180.15,6574875.95,0 149209.53,6574879.17,0 149248.38,6574885.85,0 149267.6,6574890.2,0 149296.12,6574897.98,0 149324.56,6574907.37,0 149342.55,6574914.19,0 149527.86,6574994.68,0 149548.18,6575003.51,0 149662.63,6575053.21,0 149693.29,6575071.52,0 149730.98,6575097.43,0 149756.26,6575117.18,0 149781.46,6575139.04,0 149821.32,6575178.88,0 149842.7,6575203.45,0 149915.05,6575297.24,0 149966.3,6575361.05,0 149974.29,6575373.91,0 150013.12,6575453.87,0 150056.28,6575522.27,0 150109.94,6575608.48,0 150093.46,6575623.62,0 150076.57,6575638.53,0 150017.6,6575686.32,0 149904.94,6575771.01,0 149877.23,6575793.39,0 149806.53,6575848.46,0 149800.42,6575853.37,0 149790.86,6575865.72,0 149789.03,6575869.4,0 149785.16,6575882.21,0 149778.63,6575910.73,0 149732.86,6576098.02,0 149714.828188,6576127.056177,0 149712.057188,6576136.535927,0 149680.701062,6576173.725752,0 149650.735022,6576192.896582,0 149609.002052,6576185.332962,0 149455.898412,6576207.280092,0 149453.506908,6576223.55219,0 149452.848141,6576227.289746,0 149447.983265,6576257.364204,0 149447.094878,6576262.80655,0 149425.234687,6576260.030652,0 149423.49975,6576276.512543,0 149443.628599,6576279.578527,0 149443.472335,6576280.164437,0 149443.396114,6576280.450231,0 149443.269383,6576280.925416,0 149439.219192,6576296.111812,0 149433.554378,6576312.856077,0 149425.690452,6576328.748382,0 149418.180772,6576339.891172,0 149408.572152,6576349.982102,0 149397.814708,6576358.822027,0 149330.976292,6576482.767022,0 149032.963228,6576571.232957,0 148993.374948,6576567.644547,0 148986.916008,6576630.752907,0 148939.396257,6576798.751632,0 148896.457956,6576801.893458,0 148828.644568,6576883.563803,0 148851.948741,6576901.384644,0 148872.370616,6576987.784884,0 148902.74161,6576997.734002,0 148901.77,6577077.83,0 148855.8,6577086.23,0 148821.54,6577086.23,0 148772.46,6577041.78,0 148698.38,6576953.8,0 148665.04,6576962.14,0 148461.31,6576957.51,0 148363.15,6577026.96,0 148327.03,6577027.89,0 148330.74,6577055.67,0 148352.04,6577062.15,0 148344.63,6577102.9,0 148331.66,6577108.45,0 148193.68,6577164.02,0 148179.79,6577165.87,0 148066.81,6577114.01,0 148032.55,6577087.15,0 148028.85,6577070.49,0 147954.76,6577029.74,0 147917.72,6577022.33,0 147826.04,6576953.8,0 147807.52,6576933.43,0 147799.19,6576980.66,0 147748.26,6577006.59,0 147627.87,6576976.96,0 147605.65,6576971.4,0 147506.56,6576911.21,0 147491.74,6576901.02,0 147517.67,6576751,0 147516.75,6576734.33,0 147442.66,6576696.36,0 147320.43,6576587.09,0 147247.27,6576550.05,0 147175.04,6576492.64,0 147153.74,6576482.45,0 147058.36,6576468.56,0 146913.89,6576449.11,0 146823.14,6576475.97,0 146719.42,6576510.23,0 146663.86,6576519.49,0 146654.6,6576520.42,0 146641.64,6576487.08,0 146597.19,6576463.93,0 146584.22,6576392.62,0 146560.14,6576358.36,0 146486.99,6576326.87,0</coordinates></LinearRing></outerBoundaryIs><innerBoundaryIs><LinearRing><coordinates>147261.059399,6574815.485429,0 147172.978332,6574779.134248,0 147153.784247,6574771.053845,0 147221.37,6574800.32,0 147261.059399,6574815.485429,0</coordinates></LinearRing></innerBoundaryIs><innerBoundaryIs><LinearRing><coordinates>147534.246489,6574888.6887,0 147458.734848,6574872.267013,0 147370.416321,6574850.289978,0 147265.221536,6574817.075793,0 147280.15,6574822.78,0 147390.31,6574857.48,0 147441.22,6574870.63,0 147534.246489,6574888.6887,0</coordinates></LinearRing></innerBoundaryIs><innerBoundaryIs><LinearRing><coordinates>147784.794201,6574910.532037,0 147696.396156,6574907.763499,0 147574.971192,6574893.5799,0 147561.768683,6574893.588361,0 147701.2,6574908.68,0 147784.794201,6574910.532037,0</coordinates></LinearRing></innerBoundaryIs><innerBoundaryIs><LinearRing><coordinates>148681.87354,6574885.805309,0 148569.025026,6574888.538269,0 148422.28829,6574893.133413,0 148269.708051,6574897.088733,0 148074.277038,6574904.312385,0 147884.688495,6574908.302106,0 147846.110935,6574911.578337,0 148681.87354,6574885.805309,0</coordinates></LinearRing></innerBoundaryIs><innerBoundaryIs><LinearRing><coordinates>146988.920733,6575373.195382,0 146997.946054,6575381.429008,0 147009.979815,6575426.397274,0 147015.36334,6575435.264257,0 147017.407501,6575546.11631,0 147043.201997,6575618.741805,0 147040.697575,6575632.39627,0 147065.556792,6575750.833816,0 147234.50447,6575704.440499,0 147353.575372,6575644.746709,0 147305.123648,6575546.101533,0 147395.122822,6575497.475611,0 147306.707038,6575317.935083,0 147183.836,6575126.661611,0 147084.834101,6575130.887925,0 146988.920733,6575373.195382,0</coordinates></LinearRing></innerBoundaryIs><innerBoundaryIs><LinearRing><coordinates>147271.397449,6575188.888825,0 147364.342422,6575335.510708,0 147368.785511,6575345.021416,0 147403.768824,6575419.905377,0 147420.494279,6575457.708151,0 147427.563061,6575473.684971,0 147485.313392,6575604.211934,0 147503.522373,6575671.822672,0 147583.800229,6575636.354744,0 147621.326564,6575641.263252,0 147621.827437,6575642.700796,0 147629.9892,6575685.005275,0 147636.648998,6575718.633957,0 147661.544662,6575756.692358,0 147923.595651,6575517.283841,0 147621.009886,6575085.018463,0 147607.889454,6575079.473845,0 147488.117515,6575028.858926,0 147469.637834,6575021.049521,0 147383.343098,6575059.684229,0 147271.397449,6575188.888825,0</coordinates></LinearRing></innerBoundaryIs></Polygon><Polygon><outerBoundaryIs><LinearRing><coordinates>144325.748235,6579949.8316,0 144325.748235,6579815.367001,0 144341.06,6579791.36,0 144343.36,6579775.28,0 144333.6,6579771.27,0 144343.36,6579748.3,0 144361.73,6579732.8,0 144362.88,6579719.6,0 144384.69,6579700.65,0 144408.81,6579705.82,0 144419.71,6579694.34,0 144419.14,6579686.3,0 144430.05,6579676.54,0 144428.9,6579669.65,0 144441.53,6579659.32,0 144457.6,6579654.72,0 144469.66,6579643.24,0 144467.36,6579633.48,0 144481.14,6579621.43,0 144509.85,6579592.72,0 144532.81,6579558.28,0 144555.2,6579544.5,0 144558.65,6579530.15,0 144577.59,6579512.92,0 144575.87,6579492.26,0 144589.65,6579491.11,0 144597.11,6579484.79,0 144612.04,6579473.31,0 144622.37,6579462.98,0 144629.83,6579446.9,0 144629.26,6579436.57,0 144649.93,6579395.23,0 144707.91,6579345.86,0 144726.28,6579343.57,0 144788.28,6579291.9,0 144796.32,6579292.47,0 144802.64,6579299.93,0 144878.99,6579279.84,0 144887.6,6579279.84,0 144892.19,6579274.67,0 144911.14,6579270.66,0 144948.45,6579255.16,0 144957.64,6579255.16,0 144973.14,6579248.84,0 144976.52275,6579240.05915,0 145076.94112,6579290.80783,0 145263.61943,6579387.6472,0 145401.11662,6579500.24688,0 145426.10661,6579520.82688,0 145496.66658,6579579.62686,0 145547.61756,6579634.01902,0 145706.19,6579773.88072,0 146021.75141,6580045.00005,0 146187.42841,6579855.84242,0 146285.7262,6579742.52286,0 146313.87379,6579678.78972,0 146369.58559,6579554.53198,0 146397.87902,6579491.81974,0 146481.73842,6579305.7248,0 146506.82331,6579308.05828,0 146576.53599,6579311.99603,0 146675.41715,6579317.10051,0 146730.10806,6579320.1632,0 146818.19689,6579324.10095,0 146819.947,6579324.10095,0 146902.78549,6579328.33038,0 146920.14074,6579328.03869,0 147026.31403,6579334.30992,0 147182.51126,6579324.39263,0 147250.32799,6579319.57983,0 147261.12033,6579313.30861,0 147265.78729,6579311.41266,0 147278.18389,6579313.16277,0 147281.82995,6579316.66298,0 147312.31102,6579315.64209,0 147350.23005,6579312.14187,0 147387.7701,6579302.30912,0 147437.89211,6579284.13555,0 147493.2231,6579263.18386,0 147517.64745,6579263.0681,0 147562.90773,6579249.6405,0 147580.61828,6579247.09389,0 147654.12284,6579235.98139,0 147762.35396,6579219.08113,0 147823.67754,6579210.16959,0 147835.78247,6579209.29453,0 147856.05456,6579208.27363,0 147867.72196,6579207.98195,0 147878.5143,6579207.98195,0 147880.31345,6579207.74358,0 147881.13946,6579207.54442,0 147918.62096,6579199.37725,0 147923.21906,6579218.53889,0 147928.68562,6579236.17888,0 147928.706289,6579236.200404,0 147916.583286,6579191.076807,0 148090.368357,6579138.544335,0 148142.242474,6579116.829805,0 148161.684613,6579086.391111,0 148200.572746,6579031.663995,0 148222.045951,6579008.34588,0 148263.863454,6578973.364259,0 148268.08903,6578994.728183,0 148306.05085,6579038.737272,0 148332.988397,6579087.930524,0 148339.17205,6579138.750924,0 148354.411225,6579134.212311,0 148423.797996,6579112.170336,0 148420.215657,6579075.591948,0 148433.834826,6579073.643995,0 148486.043964,6579071.680488,0 148485.029565,6579076.9801,0 148486.82468,6579069.4406,0 148493.07546,6579046.28956,0 148498.16869,6579023.37003,0 148498.86322,6579008.32185,0 148471.545,6579008.78487,0 148469.69291,6578951.37029,0 148469.69291,6578907.38331,0 148481.03692,6578891.6406,0 148490.65602,6578891.40973,0 148489.73727,6578876.70974,0 148489.18602,6578852.45475,0 148495.06602,6578819.01226,0 148506.38394,6578770.9385,0 148515.82976,6578770.50227,0 148523.53557,6578768.02201,0 148647.69279,6578753.7836,0 148770.78379,6578739.19936,0 148892.70806,6578726.07354,0 148899.87029,6578747.91447,0 148931.37225,6578765.99893,0 148947.7066,6578759.29018,0 148970.45802,6578742.95583,0 148999.33,6578740.04,0 149012.17,6578760.75,0 149011,6578775.33,0 149035.8,6578798.96,0 149061.46,6578833.67,0 149076.63,6578870.13,0 149081.3,6578888.8,0 149125.05,6578933.13,0 149126.51,6578947.72,0 149137.59,6578966.09,0 149131.47,6579006.93,0 149119.22,6579031.43,0 149107.84,6579039.89,0 149106.38,6579051.56,0 149116.3,6579065.85,0 149108.13,6579070.52,0 149109.59,6579083.06,0 149121.84,6579099.1,0 149137.89,6579123.02,0 149143.72,6579159.48,0 149156.84,6579180.48,0 149156.84,6579204.11,0 149150.14,6579214.32,0 149152.47,6579232.99,0 149175.22,6579271.78,0 149188.35,6579324.28,0 149185.43,6579352.29,0 149181.05,6579373.58,0 149183.68,6579413.25,0 149170.85,6579510.96,0 149167.64,6579536.05,0 149154.51,6579557.05,0 149154.51,6579562.88,0 149177.55,6579575.13,0 149186.89,6579583.3,0 149191.26,6579603.72,0 149199.14,6579612.47,0 149204.68,6579607.51,0 149207.6,6579598.18,0 149229.77,6579582.72,0 149242.89,6579585.34,0 149247.56,6579601.09,0 149241.382222,6579610.247199,0 149250.080707,6579621.120304,0 149442.806502,6579634.711686,0 149443.893812,6579648.303068,0 149458.02885,6579664.069071,0 149487.284602,6579676.411342,0 149527.07307,6579710.279769,0 149546.647721,6579738.306003,0 149513.511491,6579764.426712,0 149462.921747,6579720.60922,0 149425.953188,6579704.299561,0 149391.702906,6579699.406664,0 149309.067304,6579682.009695,0 149287.728835,6579684.184316,0 149271.359997,6579684.166423,0 149268.619237,6579684.609374,0 149200.608081,6579695.601075,0 149150.606523,6579664.133593,0 149132.87,6579668.18,0 149085.6,6579690.41,0 149062.83,6579700.83,0 149038.26,6579709.32,0 149013.34,6579715.9,0 148981.887617,6579722.24654,0 148832.475738,6579752.395241,0 148756.613541,6579767.782083,0 148721.970869,6579774.783718,0 148699.81434,6579779.97867,0 148687.61,6579785.97,0 148628.32,6579771.89,0 148305.1,6579895.01,0 148256.4,6579910.77,0 148201.21,6579930.35,0 148206.04,6579952.47,0 148215.3,6579998.77,0 147851.37,6580599.77,0 147820.6,6580703.76,0 147978.72,6580712.88,0 148033.97,6580705.41,0 148077.17,6580715.61,0 148279.69,6580761.91,0 148409.89,6580838.58,0 148415.68,6580900.78,0 148453.29,6580915.25,0 148482.22,6580989.03,0 148527.07,6580987.58,0 148587.83,6581013.62,0 148621.1,6581062.8,0 148665.94,6581064.25,0 148718.02,6581094.63,0 148774.44,6581169.86,0 148731.04,6581372.38,0 148626.88,6581473.65,0 148540.09,6581511.26,0 148499.58,6581598.06,0 148459.08,6581638.56,0 148441.72,6581673.28,0 148382.4,6581679.07,0 148318.75,6581713.79,0 148304.29,6581744.17,0 148201.58,6581851.22,0 148142.26,6581858.45,0 148140.82,6581896.06,0 148098.87,6581949.59,0 148051.13,6581971.29,0 148014.96,6582024.81,0 148022.19,6582058.08,0 147948.42,6582389.36,0 147910.8,6582521,0 147872.68,6582639.87,0 147829.43,6582692.03,0 147795.79,6582736,0 147765.54,6582796.18,0 147766.18,6582801.59,0 147723.99,6582914.42,0 147671.13,6582984.45,0 147610.97,6583049.14,0 147553.5,6583107.21,0 147386.06,6583248.95,0 147380.56,6583253.8,0 147348.09,6583280.87,0 147330.02,6583295.22,0 147312.68,6583312.92,0 147268.14,6583363.8,0 147216.17,6583396.8,0 147233.54,6583458.92,0 147157.37,6583497.58,0 147154.03,6583498.37,0 147086.54,6583531.71,0 147068.8,6583542.69,0 147060.945997,6583546.26764,0 147063.9,6583552.4,0 146982.65,6583595.47,0 146862.4,6583657.72,0 146866.44,6583631.95,0 146866.460136,6583631.826723,0 146866.72,6583591.48,0 146865.13,6583562.14,0 146861.09,6583531.17,0 146829.42,6583376.88,0 146795.53,6583212.76,0 146788.01,6583165.17,0 146786.01,6583138.03,0 146784.69,6583061.32,0 146792.06,6583011.68,0 146801.56,6582985.33,0 146824.26,6582945.35,0 146831.39,6582919.58,0 146732.39,6582215.23,0 146601.72,6581963.21,0 146499.66,6581594.5,0 146198.31,6581212.3,0 146002.8,6581247.58,0 145766.13,6581047.66,0 145705.485058,6580927.200868,0 145658.82,6580834.51,0 145315.97,6580552.62,0 144325.748235,6579949.8316,0</coordinates></LinearRing></outerBoundaryIs><innerBoundaryIs><LinearRing><coordinates>147963.950793,6579272.597168,0 147951.220164,6579259.669877,0 147960.42842,6579269.34575,0 147963.950793,6579272.597168,0</coordinates></LinearRing></innerBoundaryIs><innerBoundaryIs><LinearRing><coordinates>147998.376458,6579292.993959,0 147981.569349,6579284.915683,0 147975.382621,6579281.540702,0 147977.10373,6579282.66762,0 147988.77185,6579288.7773,0 147998.376458,6579292.993959,0</coordinates></LinearRing></innerBoundaryIs><innerBoundaryIs><LinearRing><coordinates>148017.896737,6579289.496059,0 148017.565368,6579289.428486,0 148015.299906,6579297.845839,0 148000.07247,6579293.73855,0 148015.87497,6579298.28636,0 148017.896737,6579289.496059,0</coordinates></LinearRing></innerBoundaryIs><innerBoundaryIs><LinearRing><coordinates>148249.528748,6579256.059754,0 148235.784231,6579262.129861,0 148198.503899,6579284.482722,0 148167.706497,6579301.006119,0 148144.041435,6579313.965531,0 148097.92452,6579305.357564,0 148143.29212,6579314.58512,0 148205.27515,6579281.26013,0 148233.93319,6579264.19657,0 148249.528748,6579256.059754,0</coordinates></LinearRing></innerBoundaryIs><innerBoundaryIs><LinearRing><coordinates>148446.685138,6579234.73124,0 148426.772399,6579246.83182,0 148415.426723,6579255.900209,0 148417.02158,6579255.0503,0 148427.86283,6579246.41405,0 148446.685138,6579234.73124,0</coordinates></LinearRing></innerBoundaryIs><innerBoundaryIs><LinearRing><coordinates>148475.529813,6579134.593758,0 148470.832966,6579147.11205,0 148478.956298,6579187.896177,0 148482.148006,6579212.669348,0 148482.25281,6579212.60406,0 148480.23156,6579195.33157,0 148478.21031,6579178.79407,0 148472.00802,6579146.99659,0 148475.529813,6579134.593758,0</coordinates></LinearRing></innerBoundaryIs><innerBoundaryIs><LinearRing><coordinates>148479.605937,6579105.315209,0 148477.306586,6579117.327898,0 148477.545309,6579125.78475,0 148478.95333,6579109.4919,0 148479.605937,6579105.315209,0</coordinates></LinearRing></innerBoundaryIs><innerBoundaryIs><LinearRing><coordinates>148415.426723,6579255.900209,0 148400.837595,6579263.02777,0 148390.782646,6579256.881693,0 148307.031534,6579250.883144,0 148346.30478,6579253.9876,0 148390.13043,6579257.85242,0 148401.40284,6579263.31904,0 148415.426723,6579255.900209,0</coordinates></LinearRing></innerBoundaryIs></Polygon><Polygon><outerBoundaryIs><LinearRing><coordinates>142024.701217,6583461.678462,0 142042.148555,6583432.541491,0 142081.803613,6583365.042777,0 142131.680926,6583283.075424,0 142190.006225,6583202.895405,0 142242.948744,6583143.192499,0 142319.98222,6583067.789099,0 142541.487594,6582859.658633,0 142735.487597,6582651.169552,0 143007.326834,6582354.854368,0 143149.989419,6582198.64933,0 143274.006533,6582065.959695,0 143248.421553,6581925.102981,0 143107.606518,6581944.324456,0 143139.517608,6581911.750056,0 143212.443712,6581876.693286,0 143264.290463,6581859.740094,0 143287.773387,6581835.611632,0 143247.929463,6581818.219415,0 143105.566784,6581817.873627,0 143053.124669,6581839.045469,0 142954.282201,6581885.594895,0 142883.720591,6581893.554899,0 142779.622178,6581712.496566,0 142690.041173,6581556.697554,0 142550.82173,6581319.085854,0 142589.808188,6581202.17037,0 142624.048852,6581125.614212,0 142679.887008,6580984.568771,0 142637.458757,6580885.269041,0 142719.819255,6580727.900521,0 142782.442169,6580659.112534,0 142910.206576,6580573.937944,0 142987.405997,6580552.711267,0 143137.021383,6580533.161374,0 143208.811405,6580522.791633,0 143275.736935,6580491.348454,0 143305.268175,6580470.212667,0 143284.617761,6580394.949976,0 143311.085746,6580347.313303,0 143292.342206,6580326.864522,0 143308.595339,6580303.944129,0 143397.223313,6580256.800132,0 143477.446185,6580233.769165,0 143520.246877,6580206.586537,0 143613.793942,6580210.644795,0 143619.901773,6580254.00913,0 143654.319068,6580265.397358,0 143692.343959,6580268.948414,0 143692.383052,6580292.442634,0 143670.766764,6580357.539003,0 143645.485082,6580395.532651,0 143616.614671,6580452.206281,0 143586.564752,6580524.543173,0 143562.592143,6580621.565595,0 143565.051832,6580648.667686,0 143571.131941,6580675.763443,0 143580.204499,6580688.397501,0 143637.670725,6580773.231432,0 143669.128678,6580821.967949,0 143713.895101,6580891.763287,0 143769.569928,6580991.655283,0 143807.696663,6581062.061816,0 143854.893513,6581145.702899,0 143902.089252,6581229.944991,0 143916.005271,6581254.615494,0 143966.785517,6581318.373666,0 143941.475527,6581336.481597,0 143896.308267,6581386.54052,0 143830.664734,6581457.710755,0 143739.732962,6581557.226729,0 143630.73673,6581673.634175,0 143460.642237,6581860.200072,0 143526.195158,6581921.908438,0 143564.863023,6581958.574005,0 143586.008829,6581978.409107,0 143602.334927,6582001.86523,0 143615.649927,6582028.337057,0 143624.142267,6582056.623268,0 143627.814067,6582087.928051,0 143626.667466,6582123.455566,0 143619.500315,6582165.6162,0 143609.352035,6582228.253175,0 143601.585174,6582272.220001,0 143729.156829,6582456.84754,0 143582.468716,6582559.143218,0 143487.12055,6582526.192697,0 143414.946754,6582641.309603,0 143341.56802,6582754.620455,0 143297.711657,6582849.816725,0 143243.667983,6582979.944888,0 143305.231485,6583009.934955,0 143295.630845,6583037.041192,0 143166.147132,6583130.578592,0 143252.675825,6583297.164495,0 143179.789736,6583339.430643,0 143213.701443,6583420.027939,0 143157.044918,6583432.770216,0 143115.534106,6583484.610116,0 143245.484417,6583660.129856,0 143320.5572,6583835.140463,0 143143.529588,6583960.640678,0 143139.217772,6583910.094008,0 143125.194931,6583824.054912,0 143104.572206,6583756.081998,0 143080.403767,6583727.838214,0 143038.745643,6583697.218982,0 143014.000057,6583683.421366,0 142907.832503,6583655.932207,0 142771.5245,6583632.716455,0 142716.687229,6583648.470581,0 142629.926586,6583680.538232,0 142577.569559,6583730.596207,0 142551.699536,6583758.934886,0 142533.680834,6583793.878527,0 142527.724167,6583830.603678,0 142517.567533,6583877.568223,0 142427.953428,6583986.679448,0 142388.838705,6584022.867601,0 142308.146241,6584068.769175,0 142164.553857,6584016.103248,0 142144.496568,6583937.9065,0 142097.111879,6583765.875148,0 142082.507199,6583701.50538,0 142061.812078,6583608.25665,0 142024.701217,6583461.678462,0</coordinates></LinearRing></outerBoundaryIs></Polygon></MultiGeometry></Placemark></Folder>
</Document></kml>